id,domain,status,purchase_price,renewal_price,attractiveness,demand,length,registrar,created_at,expires_at,status_verified_at
ac21f21c-5434-401d-8c3d-1a6f1ec6ad17,transformers.vacations,available,38.99,38.99,high,low,12,namesilo,,,02/10/2026 12:20
b0b90f82-77f0-430c-9b6d-a506fe6f3efc,built.institute,available,9.99,27.49,high,low,5,namesilo,,,23/09/2026 10:20
512a3c87-aea8-492a-b0e1-92eaf4aaa9cd,accurate.gg,resell,,,high,low,8,Enrapture Limited (https://enrapture.gg),,,26/09/2026 01:20
1636825d-038c-42d9-b2b1-8f3ef34bbad1,agreed.viajes,available,37.99,37.99,high,low,6,namesilo,,,21/09/2026 23:21
3ecf3152-44e0-461f-908d-c679b784d34d,goal.insure,available,5.66,58.19,high,low,4,porkbun,,,29/09/2026 14:09
199a032e-d2bc-4f7b-9bdd-1c9ba464ed71,modem.attorney,available,62.99,62.99,high,low,5,namesilo,,,30/09/2026 04:48
d6979108-8176-48c9-bc87-be46a4311a4d,microphone.protection,available,1999.99,2049.99,high,low,10,namesilo,,,03/10/2026 11:18
5fbfb789-c21b-4994-9b5e-316ebfa61426,instant.accountant,premium,650,84.5,high,medium,7,namecheap,,,24/09/2026 02:22
6f368e39-f587-4c83-a38f-ccc7d067afb1,superstar.place,available,18.02,18.02,high,low,9,porkbun,,,02/10/2026 01:58
b4ab0f0e-415a-4234-8ccb-90813ddba605,bicycle.locker,premium,318.46,8.8,high,low,7,namesilo,,,27/09/2026 03:10
6070fd05-47d5-4c3e-8ac2-7ec465ae4404,original.sucks,available,218.99,218.99,high,low,8,namesilo,,,26/09/2026 00:32
f4d8a1c2-eeda-4c6d-a276-6616a73171d9,sexy.tennis,premium,85.8,85.8,high,low,4,namecheap,,,22/09/2026 07:13
b84fc966-9ed2-426d-b3d3-400d6f4b84cf,belt.computer,available,17.8,31.25,high,low,4,spaceship,,,28/09/2026 13:21
6c99fa66-983c-4c8d-9d3c-3532c0dbab3b,young.fishing,premium,41.6,26.08,high,low,5,spaceship,,,28/09/2026 09:49
e6d7d78d-d567-4f32-b096-65f006d7c2b9,eight.menu,available,27.99,27.99,high,low,5,namesilo,,,21/09/2026 13:20
569fa758-23d8-4881-8a0b-3634996d9f47,fashions.direct,available,17,,high,low,8,unstoppable,,,02/10/2026 13:01
096393c4-517e-440d-93ab-a775ad72b1c1,hardly.melbourne,available,42.6,42.6,high,low,6,dynadot,,,27/09/2026 18:23
f32c982f-b924-4417-9dea-03c02c67fa47,careful.wtf,available,7.49,36.49,high,low,7,namesilo,,,23/09/2026 12:50
1c7c85c9-bcfc-4371-9e24-52742f33c824,bizarre.homes,available,1.8,21.98,high,low,7,namecheap,,,22/09/2026 21:11
114f0ffa-bc1e-433d-8491-7396073b83be,easiest.market,available,34.2,34.2,medium,low,7,cloudflare,,,28/09/2026 23:51
6b6f1c69-fbb2-4dff-8b85-0e97793deecd,leg.accountant,premium,517.7,67.48,high,low,3,spaceship,,,30/09/2026 02:45
f9613ad8-564a-47d5-9e41-7f4300870b2d,left.barcelona,available,38.98,38.98,high,low,4,namecheap,,,25/09/2026 13:25
b159d384-efb6-4dbd-90db-df2a5dbcc4a9,recognition.plumbing,available,8.24,58.19,high,low,11,porkbun,,,02/10/2026 21:11
17edca11-3d15-494c-92a8-66def5c2c3df,hearts.holiday,available,50.2,50.2,high,low,6,cloudflare,,,29/09/2026 22:26
d895dd93-7dd9-4922-87dd-53015554285c,cocacola.cyou,premium,384,768,high,high,9,namesilo,,,17/09/2026 07:18
6e02cec3-3854-4c90-9687-c7d35b9d085b,sunglass.lighting,available,23.99,23.99,high,low,8,namesilo,,,30/09/2026 12:22
c05925c4-6432-45de-9d6e-3076ec1ffb57,mandela.holdings,available,53.72,53.72,high,low,7,dynadot,,,28/09/2026 14:49
bb308de0-74ff-47d4-80ed-367084a4fc9f,nyc.soy,premium,309.67,309.67,high,medium,3,spaceship,,,02/10/2026 08:36
e4c948ac-ecb2-4962-ad90-3570779c1c4a,cerulean.toys,available,14.98,82.48,high,low,8,namecheap,,,08/08/2026 03:10
225a7cc4-2625-4ed6-a142-f788bb7c2acc,spartacus.engineer,available,31.25,31.25,high,low,9,spaceship,,,02/10/2026 13:55
0333fc0e-d804-405e-ab02-986839409b90,sparky.boo,available,14,,high,low,6,unstoppable,,,04/10/2026 14:42
fd8c74cb-7847-4363-a649-186af00f7d59,give.diy,premium,875,,high,low,4,name.com,,,29/09/2026 07:45
7be1df39-40a9-4389-9f8b-58290d32fa03,signs.date,premium,390,65,high,low,5,namecheap,,,17/09/2026 04:39
667b14ee-903d-4ae9-a759-7ef35718afd8,avon.makeup,premium,2660,2660,high,low,4,namesilo,,,28/09/2026 23:31
92283a25-b893-401f-9bf7-be20b59ba1ac,paradoxes.review,available,11.99,11.99,medium,low,9,namesilo,,,21/09/2026 00:45
e7ade986-961f-48cf-8a5a-9a9658b60c16,small.blackfriday,available,114.99,114.99,high,low,5,namesilo,,,03/10/2026 22:13
85f1ff37-c282-46d7-bfd8-41fd26bd3c03,criteria.jewelry,available,64.99,64.99,high,low,8,namesilo,,,04/10/2026 15:06
6d600b5e-6291-4143-8836-ec164a99c73c,softly.sex,available,69.98,154.98,high,low,6,namecheap,,,27/09/2026 03:45
5fcab4f1-ca55-479e-b2e6-2626b6defb9f,athletic.tours,available,10.99,61.99,high,low,8,namesilo,,,21/09/2026 16:12
9e5c0e70-76f4-42b9-a0df-b0985bc5574f,single.productions,available,10.99,40.49,high,low,6,namesilo,,,21/09/2026 10:43
a2851ab1-eeed-4212-a9ed-b4f08167b659,completely.lgbt,available,11.98,93.98,high,low,10,namecheap,,,22/09/2026 00:16
5bf714ca-7725-4964-8961-42cb2bb0cada,bible.markets,premium,109.53,218.86,high,medium,5,porkbun,,,29/09/2026 02:20
eb4dc62a-5502-4c63-bc98-505746f69227,instagrammable.credit,available,11.99,,medium,low,14,name.com,,,
1717b233-9e5b-4b25-884f-76ac7fd3b925,dear.page,premium,311.25,311.25,high,low,4,name.com,,,22/09/2026 19:24
121f6e1a-369f-434f-a2f2-95684d07d52e,peace.free,premium,550,550,high,medium,5,dynadot,,,28/09/2026 22:50
88052a61-b6a2-4b4f-862d-1961c543fe9e,chocolate.webcam,premium,5175.2,103.7,high,low,9,spaceship,,,02/10/2026 13:11
7f6c6a95-8fdf-4ab0-8af3-ea4ca87ba325,whole.show,available,18.99,44.49,high,low,5,namesilo,,,22/09/2026 00:29
5ff8353c-29fd-4829-8bf5-35698fe56c7d,able.observer,premium,29.5,29.5,high,low,4,namesilo,,,21/09/2026 13:57
088f71be-271c-4a6c-93e4-2623628f9960,look.nexus,premium,648.7,648.7,high,low,4,namecheap,,,24/09/2026 21:51
1dcc308c-1f3b-4796-973b-a305502b1f70,activated.dad,available,12.98,16.98,high,low,9,namecheap,,,21/09/2026 16:32
ebc81166-168e-4d80-8ff5-a81269b25299,instant.rich,available,94.99,1999,high,medium,7,namesilo,,,24/09/2026 02:22
a78ed1a9-b22b-4e82-95c7-8ef45423968e,come.loan,premium,640,77.35,high,low,4,namesilo,,,28/09/2026 09:23
ab1bc4e6-40b8-47e6-b230-295dce39caa4,destinations.makeup,available,1.99,17.29,high,low,12,namesilo,,,20/09/2026 11:44
7fde01d3-5273-4165-9d5f-c7299e02a1df,babe.vana,available,2070.2,2070.2,high,low,4,spaceship,,,29/09/2026 00:05
11e4efef-8ff2-4e1a-b572-743d228ec917,carla.boston,available,23.49,23.49,high,low,5,namesilo,,,27/09/2026 07:21
ec562fa6-7f81-48f6-9cb3-ad7dc1a30ada,music.theater,premium,512,512,high,medium,5,namesilo,,,02/10/2026 10:30
2967f68d-7d81-44b7-be7a-14f08e94a383,panda.discount,available,4.63,24.2,high,medium,5,porkbun,,,28/09/2026 19:27
4b576d70-7c99-484f-81c7-801c4dd20482,achievable.town,available,8.99,36.49,high,low,10,namesilo,,,21/09/2026 15:42
a68c0eac-5dad-4f56-8f39-cbd9437b5e42,cat.motorcycles,premium,2070.2,2070.2,high,high,3,spaceship,,,27/09/2026 21:47
67c15510-2969-4022-9a79-398c0c557577,barbecues.town,available,8.99,36.49,medium,low,9,namesilo,,,21/09/2026 08:34
0a6373b6-815d-4555-8b78-fde59ac4e127,aggressive.solar,available,64.99,64.99,high,low,10,namesilo,,,21/09/2026 22:59
c2c06049-72a1-43de-87a4-ba6c57a0e579,kleenex.dog,available,5.38,51.95,high,low,7,spaceship,,,30/09/2026 01:39
d9be2179-b302-421c-a6af-f10fda6e9dda,sharps.black,available,27.99,64.99,medium,low,6,namesilo,,,20/09/2026 09:14
c1aef156-0b1f-4e25-88c9-bea833052bda,blossom.de,resell,,,high,low,7,,,,26/09/2026 04:30
921d36b9-0ec7-47e5-9306-d219fa6bb853,proud.bio,resell,,,high,low,5,"Sav.com, LLC - 2",06/05/2026 15:15,06/05/2027 15:15,27/09/2026 07:46
1400632d-5523-4024-89a9-c0d14bb77cbb,cat.cab,premium,,,high,high,3,,,,27/09/2026 21:47
ca95deff-48a6-4cdd-a22a-bcc09e346b69,before.boston,available,23.49,23.49,high,low,6,namesilo,,,21/09/2026 23:34
3262f033-6ea8-4d95-9b62-fed3bd3cd24c,supermarkets.tips,available,8.24,25.23,medium,low,12,porkbun,,,02/10/2026 03:57
f7557879-99b5-478c-ad20-23b930b966f5,oxford.kiwi,available,21.43,21.43,high,low,6,dynadot,,,30/09/2026 06:19
6832e0f4-21a6-48a5-a742-eddddad9c63a,eight.page,premium,318.72,318.72,high,low,5,namesilo,,,21/09/2026 13:20
bb34336c-e5a3-46e1-b3d0-4efac7908bec,aide.promo,available,14.49,24.99,high,low,4,namesilo,,,22/09/2026 14:20
07d112d1-8d21-4bc4-8d03-57075eae9cf2,alive.hockey,available,59.99,59.99,high,low,5,namesilo,,,22/09/2026 05:04
7cbcc297-e7a9-4b91-9aaf-d8c9e8c1b1b8,instant.tienda,available,59.99,59.99,high,medium,7,namesilo,,,24/09/2026 02:22
e558b44e-505b-4df5-9452-002ddeda8388,young.garden,premium,44.19,27.82,high,low,5,porkbun,,,28/09/2026 09:49
23a1efbc-4074-442e-81bb-0e0a218e4354,surprise.immobilien,available,39.98,43.98,high,low,8,namecheap,,,30/09/2026 12:35
325a9635-5526-47e1-aca3-54cb46ac65a4,sovereign.barcelona,available,38.98,38.98,high,medium,9,namecheap,,,22/09/2026 14:14
5d2cd40e-ddeb-46ed-852b-6e9b1888dfb6,manageable.flowers,available,108.98,159.98,high,low,10,namecheap,,,04/10/2026 02:00
fae24bb3-28bf-42ce-bec9-774684f5f887,endorse.express,available,9.98,49.98,high,low,7,namecheap,,,08/09/2026 09:45
48f877a3-9996-4ab0-a45a-4b5c863d4e4d,inspirational.realty,available,280.2,280.2,high,low,13,cloudflare,,,01/10/2026 23:48
bf6a4c59-ea8c-4f72-9049-0ce2cebd5705,lover.wedding,premium,512,29.5,high,low,5,namesilo,,,23/09/2026 10:15
91a6d03d-6b18-46ab-902c-6299afd48b13,constants.cash,available,12.99,38.99,medium,low,9,namesilo,,,21/09/2026 01:13
cac98cc5-7799-4e57-8c8b-f703a00d8dda,diner.university,available,62.99,62.99,high,low,5,namesilo,,,29/09/2026 05:07
3ef3d4d3-d507-4d17-a5dc-e4cff423fdb3,iphone.phd,available,20.84,20.84,high,high,6,spaceship,,,02/10/2026 00:27
af2bd42e-fcd2-4e45-9173-19c68c70e41a,beaches.style,available,16.99,38.99,high,low,7,namesilo,,,20/09/2026 07:25
8ec86c39-db6e-458a-a986-b8f6c9fcba75,fact.motorcycles,available,1.8,21.98,high,low,4,namecheap,,,29/09/2026 18:51
ae70a486-5738-46e2-ab2c-1e2a52b71205,sure.gives,available,7.48,37.98,high,low,4,namecheap,,,24/09/2026 21:05
70f9e1d7-ce94-443a-a50d-81dd478f96fd,unequalled.xxx,available,69.98,154.98,high,low,10,namecheap,,,12/09/2026 09:11
7f6c4961-6d07-4745-bb23-6f3eb46464cb,sharps.fans,premium,116,116,medium,low,6,namesilo,,,20/09/2026 09:14
450feb40-6022-4c6b-999c-9b715133bf09,neuroscience.farm,available,7.72,31.41,high,low,12,porkbun,,,30/09/2026 20:58
69517c07-6a72-4e2c-9082-984b0b13d302,places.cooking,available,25.2,25.2,high,low,6,cloudflare,,,04/10/2026 10:45
36ce32cd-6062-4813-9329-54afedb2e89e,innovative.dance,premium,102.67,102.67,high,low,10,spaceship,,,02/10/2026 23:26
32819d61-ae29-4ad4-b346-6cdffc04235a,all.coach,resell,,,high,medium,3,"Sav.com, LLC - 2",24/11/2025 15:16,24/11/2026 15:16,26/09/2026 03:47
4f6c0a38-03ee-4df4-bc73-2b8678f75d2f,favours.dealer,premium,4278,2660,medium,low,7,namesilo,,,17/09/2026 23:24
368143ed-1c4d-4145-b54d-c06a185b0e45,sunbeam.villas,available,59.99,59.99,high,low,7,namesilo,,,30/09/2026 12:18
ea5823be-1f54-4ea9-a78d-66b4300af575,center.bar,premium,576,576,high,low,6,namesilo,,,03/10/2026 11:23
5ff49f9b-2197-4fb7-91b1-d91ec55df842,tall.bz,available,21.98,26.98,high,low,4,namecheap,,,24/09/2026 22:52
b1d48813-16ee-45c4-a105-458ee8dd479f,sure.review,premium,650,84.5,high,low,4,namecheap,,,24/09/2026 21:05
d8a3c4dc-3626-478f-8e82-6167d0a32e67,clue.srl,available,31.99,31.99,high,low,4,namesilo,,,29/09/2026 10:03
48c9e770-92ad-46c4-98ab-a48a90d441dd,least.observer,available,10.99,10.99,high,low,5,namesilo,,,25/09/2026 13:24
771a25d2-667b-4449-a592-da6e3437334c,espn.coach,available,10.92,64.42,high,low,4,dynadot,,,28/09/2026 08:02
e1b217ed-bdb5-4f60-b0b5-ae7b217d9213,criterion.date,premium,330,55,high,low,9,dynadot,,,28/09/2026 00:29
759d8af1-5c48-4ff3-b1be-5ee48e793c72,date.properties,premium,800.5,,high,low,4,unstoppable,,,29/09/2026 13:13
d3ceaabe-63d1-4e44-837d-eb8e64b343b2,place.finance,resell,,,high,low,5,Dynadot Inc,20/06/2026 17:00,20/06/2027 17:00,26/09/2026 08:11
f6da7090-b1fe-4590-839f-36f20f942ebd,someone.immobilien,available,37.99,37.99,high,low,7,namesilo,,,25/09/2026 09:13
d8569acc-32f0-4aff-ba5c-e4b5f950b2f5,beautiful.juegos,available,309.47,309.47,high,low,9,porkbun,,,03/10/2026 11:28
d4362b54-7d35-4fba-aa89-08dbd70a75d4,aggressive.vodka,available,32.49,32.49,high,low,10,namesilo,,,21/09/2026 22:59
c0bf7a0b-5398-4847-bbbc-4bf1494529e7,twentieth.theater,available,65.99,65.99,high,low,9,namesilo,,,21/09/2026 12:27
461ac5ee-697b-4c32-b981-c4d6c9a9a7c8,lol.theatre,available,515.45,515.45,high,low,3,porkbun,,,30/09/2026 21:37
4fae41fd-ab6e-4e7c-98de-57fb036941e2,luxury.ink,premium,110,110,high,low,6,dynadot,,,30/09/2026 02:20
a4bb7a4c-fbc1-47d4-a0ff-98862bd11ca3,committed.mobi,available,4.48,64.98,high,low,9,namecheap,,,23/09/2026 15:46
d3b606c7-9900-4dd2-a192-fed3437a7bfc,aladdin.kids,premium,310.7,18.83,high,medium,7,spaceship,,,28/09/2026 20:01
54f44b9f-15df-47ec-abd5-194f1285e414,essential.bike,available,12.99,38.99,high,low,9,namesilo,,,22/09/2026 00:42
23725adc-09f3-4ae4-bdc8-8d96d0d9a29d,leading.healthcare,available,70.55,70.55,high,low,7,porkbun,,,02/10/2026 07:26
c142ef52-69f1-4134-a958-520e0021209a,same.me,resell,,,high,low,4,"GoDaddy.com, LLC",10/07/2008 03:30,10/07/2027 03:30,27/09/2026 17:53
e2f9786c-c7a9-4b05-98c8-4084ac79a611,xix.equipment,available,28.99,28.99,high,low,3,namesilo,,,21/09/2026 12:08
5d0b0049-d30c-4c90-b942-756e4187b4a3,disney.bond,premium,390,780,high,high,6,namecheap,,,29/09/2026 15:59
e911ff21-6043-4bc5-99cc-087ed92cf461,myspace.tel,available,9.76,9.76,high,medium,7,dynadot,,,02/10/2026 02:12
6eb58213-692c-4595-938f-dc27e33031db,onto.bet,resell,,,high,low,4,Dynadot Inc,27/11/2025 10:42,27/11/2026 10:42,01/10/2026 02:29
357a7ecc-be42-4544-9b0d-2518e109e9f4,because.properties,available,15.98,43.98,high,low,7,namecheap,,,30/09/2026 21:38
a3a7bfe9-7709-4f9b-b271-e7dcfd28b5be,flexing.care,available,20.99,44.49,high,low,7,namesilo,,,01/10/2026 22:33
141308a8-d3a8-4b54-a9c3-53eccd701daf,lego.tickets,premium,1552.7,1552.7,high,high,4,spaceship,,,30/09/2026 02:46
bbe53584-9dde-423d-b6ff-3de2aa6017fc,concorde.computer,available,30.2,30.2,high,low,8,cloudflare,,,30/09/2026 06:42
0ed81125-0741-434a-91c1-d731ed8fc54b,elly.financial,available,45.2,45.2,high,low,4,cloudflare,,,03/10/2026 09:33
33d04c6b-deff-4e0e-9226-8cabe12b1fc6,beagle.events,available,10.48,57.98,high,low,6,namecheap,,,22/09/2026 19:37
e0bb37c3-8692-44df-9387-87d764da71b7,chanel.flowers,premium,2660,2660,high,high,6,namesilo,,,17/09/2026 23:07
843ca2d8-11b0-4fdb-9c08-a4e894ea0a8a,manageable.productions,available,8.24,32.44,high,low,10,porkbun,,,04/10/2026 02:00
98c85832-b4f3-440a-b443-0d362573a6bf,home.vin,resell,,,high,medium,4,"DNSPod, Inc.",22/05/2021 22:27,22/05/2027 22:27,26/09/2026 06:42
573561a9-85f0-4b53-b65f-a7f1747a7542,supersize.courses,available,2.19,38.99,high,low,9,namesilo,,,01/10/2026 23:38
2d2d7562-05ef-429d-9efb-5ac22ae4dba9,video.meme,premium,1419.68,1419.68,high,medium,5,porkbun,,,03/10/2026 23:06
e6a212e5-4d14-4233-89c5-3414cd9db312,oregon.diet,available,104.99,114.99,high,low,6,namesilo,,,29/09/2026 01:45
35ecb648-1985-49ed-8722-040ec9583d4f,tall.cv,premium,1339.98,80.33,high,low,4,namesilo,,,24/09/2026 22:52
a35d19e6-f2d4-4259-ade5-ee46dc1aedf3,deejay.win,premium,362.45,51.95,high,low,6,spaceship,,,01/10/2026 18:26
14de652d-9e23-4bdc-9b8c-3c3c8713110d,crucial.accountants,available,117.99,117.99,high,low,7,namesilo,,,22/09/2026 00:39
19c8b093-3d6b-4f16-8c94-c261fe6fd41b,addicted.de,resell,,,high,low,8,,,,26/09/2026 01:22
547a7b6b-d6e1-4818-b62c-c8ea928486b2,achievable.lifestyle,available,5.49,39.99,high,low,10,namesilo,,,21/09/2026 15:42
da891258-3d7c-4de8-a2b4-6a6ef34c103e,coming.bayern,available,34.99,34.99,high,low,6,namesilo,,,03/10/2026 02:33
100977fe-ebfa-41f2-aa73-b892e091da5d,ruben.restaurant,available,11.98,81.98,high,low,5,namecheap,,,29/09/2026 00:07
0e204e3c-ec9a-446f-a917-1723426948f7,easiest.academy,available,36.2,36.2,medium,low,7,cloudflare,,,28/09/2026 23:51
f845f4f3-ee52-4baf-9ec1-7ea3b5858cb4,gorgeous.computer,available,23.99,38.99,high,low,8,namesilo,,,24/09/2026 22:48
f2a80ff9-61e4-494e-8eb2-a6287256eedc,easiest.rich,available,78.99,160.71,medium,low,7,porkbun,,,28/09/2026 23:51
920e4d36-0cf8-4ccb-9201-7564d3398d4f,candles.yachts,available,1.99,17.29,high,low,7,namesilo,,,18/09/2026 07:24
83282f61-e757-4583-8e91-f4825a0a85ef,universe.vet,available,33.32,33.32,high,medium,8,spaceship,,,28/09/2026 10:51
86c69f5d-efeb-4fe6-996c-4f68ce0df75b,constants.plumbing,available,72.99,72.99,medium,low,9,namesilo,,,21/09/2026 01:13
3083070e-e38f-402c-a702-b74f87fc7e01,progress.cheap,available,5.57,30.18,high,low,8,dynadot,,,03/10/2026 05:23
0e6ac95c-3e33-43b1-b8d0-43046625a9f4,respected.nexus,available,10.52,10.52,high,low,9,spaceship,,,27/09/2026 12:38
03d32fd5-b0c6-434b-afdd-ca164fa7022f,charge.horse,available,32.49,32.49,high,low,6,namesilo,,,28/09/2026 22:08
b3033c90-7d4a-494e-b44a-22882c3f702c,swing.beer,available,1.24,26.08,high,low,5,spaceship,,,28/09/2026 02:11
f0cbde85-6d19-41da-bda5-ff634f809e09,attack.juegos,available,368.98,478.98,high,low,6,namecheap,,,02/10/2026 12:50
11917f7f-d151-483d-9167-fdd554d13e29,music.football,premium,102.67,102.67,high,medium,5,spaceship,,,02/10/2026 10:30
3777b4a1-39d4-4161-ae49-8a18ffaafe7e,private.diy,premium,362.45,517.7,high,medium,7,spaceship,,,04/10/2026 06:21
0799ce87-fdf5-405d-875f-8db788d92f3b,take.you,premium,258.95,258.95,high,low,4,spaceship,,,27/09/2026 19:44
42340431-887c-4428-955e-f43f5c13838f,mcmuffin.enterprises,available,11,,high,low,8,unstoppable,,,02/10/2026 06:39
9b0da63f-01ea-4fb4-bed1-4ea78a1a8285,infant.company,available,22,,high,low,6,unstoppable,,,29/09/2026 00:05
aa91596b-84e5-472a-80a5-85154b361ed1,easier.clinic,available,11.98,82.98,high,low,6,namecheap,,,27/09/2026 09:58
c55bbcc1-a21b-4421-97ad-f2185dfe64e1,dogsledding.vip,premium,227.5,19.5,medium,low,11,namecheap,,,20/09/2026 01:02
6fe2578b-106a-446b-ac54-3d01a859354b,sixteen.fail,available,38.99,38.99,high,low,7,namesilo,,,21/09/2026 11:48
ea88af7d-a799-40e6-b7ed-5517c8627826,binding.kaufen,available,29.98,33.58,high,low,7,namecheap,,,22/09/2026 20:51
ec52d1d4-347d-4fb0-a63a-ecb0fc23f58e,fifteen.poker,available,10.99,67.99,high,low,7,namesilo,,,21/09/2026 11:44
6834ffbc-bdb1-4186-bd7c-5b4ec819cbe5,bad.sexy,premium,34500,34500,high,medium,3,namesilo,,,22/09/2026 16:05
d5baec06-0e38-4e1a-82ed-39d12c257cb0,playground.me,resell,,,high,medium,10,"Spaceship, Inc.",23/09/2010 03:00,23/09/2027 03:00,28/09/2026 02:56
d1be2123-2bc5-4087-b1f6-1e90286bf27f,acceptable.haus,available,11.98,37.98,high,low,10,namecheap,,,21/09/2026 15:23
4c4c71fd-8767-4017-9c87-635ffb672046,wish.space,premium,3450,3450,high,low,4,namesilo,,,25/09/2026 13:40
fefe0c3c-3541-4bcd-a31d-7da60132010a,wholesome.direct,available,13.14,33.32,high,low,9,spaceship,,,28/09/2026 10:32
3d400617-5613-4b90-8c0d-760b63fa9f30,coffee.flights,premium,68.51,68.51,high,medium,6,spaceship,,,29/09/2026 10:14
b6e74142-cbbc-4399-a867-d6fee53d31a8,carla.sbs,premium,384,768,high,low,5,namesilo,,,27/09/2026 07:21
382bb7c5-ac7f-4cb8-bb5a-7b2207adc43a,race.pro,resell,,,high,low,4,"Chengdu West Dimension Digital Technology Co., Ltd.",25/11/2022 15:15,25/11/2027 15:15,27/09/2026 17:26
ad8521c1-3ac4-4f59-be66-0557cfcee955,deep.works,resell,,,high,medium,4,"Sav.com, LLC - 35",27/05/2024 15:15,27/05/2027 15:15,26/09/2026 05:28
5a877135-ea71-42db-bcaf-03c208daa67b,destinies.fashion,available,32.49,32.49,high,low,9,namesilo,,,20/09/2026 07:12
b71f5bdb-e1d7-4add-87bc-3e9a8c67eaa5,lol.rsvp,premium,499.2,,high,low,3,unstoppable,,,30/09/2026 21:37
2a624982-6933-41ff-bba3-16df7030a25c,proud.apartments,available,57.99,57.99,high,low,5,namesilo,,,27/09/2026 07:46
6a2cb5eb-a6b2-4cfd-9db5-eefb1dd8fdd2,pinch.art,premium,282.76,72.65,high,low,5,spaceship,,,28/09/2026 22:16
792409e4-c8ec-4c0e-a6df-3dba11c65b4b,need.racing,premium,1107,576,high,low,4,namesilo,,,25/09/2026 21:55
84e4cb18-422d-4628-8328-56795e4242c0,willow.apartments,premium,68.51,68.51,high,low,6,spaceship,,,30/09/2026 14:43
1e1bd621-d6fb-441c-ad61-6dca548691d9,truth.yachts,available,1.24,13.97,high,medium,5,spaceship,,,28/09/2026 17:29
2e71fbfc-10c5-48a6-81fc-dbbedd5f8af4,set.democrat,available,5.66,26.26,high,low,3,porkbun,,,02/10/2026 12:23
7479fd57-4cba-40fc-8ace-ba5a200ce778,count.movie,available,47.99,349.99,high,low,5,namesilo,,,27/09/2026 04:34
ca38c14b-2d4c-4c02-a99a-eab96e2d6d06,bicycle.solar,available,64.99,64.99,high,low,7,namesilo,,,27/09/2026 03:10
bd06f88e-6781-47dc-9b85-ed9bb7c6236b,recognised.kaufen,available,29.98,33.58,high,low,10,namecheap,,,21/09/2026 15:30
780347a8-9959-4d75-890d-83baafa6de87,completely.house,available,12.98,55.98,high,low,10,namecheap,,,22/09/2026 00:16
0b1e0625-c544-41a6-adbe-b39cabeac0da,adorables.gallery,available,23.17,23.17,high,low,9,porkbun,,,02/10/2026 03:03
385d62de-7fb0-4131-be67-6ebfe2404003,love.cleaning,premium,85.8,85.8,high,medium,4,namecheap,,,22/09/2026 19:29
383f7ec2-8ab0-4f78-9911-78acc617d0a9,inspires.catering,available,31.25,31.25,high,low,8,spaceship,,,02/10/2026 22:39
534e0d7d-466d-4905-a28b-1d440e657c6d,faith.dental,available,81.98,100.98,high,low,5,namecheap,,,29/09/2026 18:54
929edad7-4bee-465c-a7c1-61a4a1bcb040,abilities.black,available,27.99,64.99,high,low,9,namesilo,,,17/09/2026 04:45
ae81aecc-90ca-4169-9fcb-480ba8b26068,small.photo,premium,103.7,103.7,high,low,5,spaceship,,,03/10/2026 22:13
ba3bd91b-e5bb-4dd4-a0e4-f2afb36da036,cheerfully.dad,available,10.52,10.52,high,low,10,spaceship,,,28/09/2026 13:48
2025f905-b400-47ce-9e34-338b6f0e28ea,integrate.singles,available,26.2,26.2,high,low,9,cloudflare,,,01/10/2026 17:05
273dce37-480f-4e44-a256-4bad4d92038d,conduction.day,available,10.2,10.2,high,low,10,cloudflare,,,29/09/2026 10:47
0cdf24ef-80c3-49d4-a37c-364d24bb6f6a,shakespeare.ong,available,15.2,15.2,high,low,11,cloudflare,,,02/10/2026 08:48
77d8c5f2-306f-4524-98c4-d0fb266a346e,decade.boo,premium,36.25,36.25,high,low,6,name.com,,,21/09/2026 10:56
e250b018-8410-49a1-bdc0-4c1e2991af09,destination.ing,premium,350.2,,high,low,11,unstoppable,,,03/10/2026 21:31
6056606b-ee7a-4617-ac2a-38029fb9afad,love.plus,resell,,,high,medium,4,"Chengdu West Dimension Digital Technology Co., Ltd.",01/12/2025 19:39,01/12/2026 19:39,26/09/2026 07:19
16cb287b-4804-4722-abfd-54c2c6cdac93,madeline.nexus,available,14,,high,low,8,unstoppable,,,29/09/2026 03:55
0f01fdf1-9d6f-40d8-a5e6-110caa7a0b48,rhianna.legal,available,57.13,57.13,high,low,7,spaceship,,,02/10/2026 14:02
9d655ce0-ca61-48b1-83b6-bc0435889952,technology.theatre,available,500.2,500.2,high,low,10,cloudflare,,,04/10/2026 19:08
8d87ceed-65c2-4c79-92e7-608c086f2f76,leading.osaka,available,32.98,41.98,high,low,7,namecheap,,,02/10/2026 07:26
e5dadcd8-84b4-4c34-8e86-fcc4a92bfe8f,intro.club,resell,,,high,low,5,"NameSilo, LLC",17/11/2016 17:37,16/11/2027 23:59,30/09/2026 00:18
55344594-5a3e-4af4-b394-372eba6dd94e,touch.space,premium,3450,3450,high,low,5,namesilo,,,28/09/2026 09:25
fd052c9d-a919-49fd-9b9f-ad87799c34c4,barbecue.immo,available,27.2,27.2,high,low,8,cloudflare,,,29/09/2026 01:06
8f474d8b-f783-4b14-8c8a-80e52ae0b19b,investor.so,resell,,,high,medium,8,SOSTEC TECHNOLOGIES_LR,20/04/2025 10:03,20/04/2026 10:03,
6fdb0283-c1e4-4185-919b-8a65ee485efe,mike.sucks,premium,2182.75,2182.75,high,medium,4,porkbun,,,30/09/2026 04:19
a1f3bcef-b293-48b0-a08d-a61e230ad177,absolutely.rehab,available,29.18,29.18,high,low,10,spaceship,,,28/09/2026 11:36
7acbc160-fa2e-427b-96d8-d23115965d6d,pixar.taxi,available,10.99,62.99,high,low,5,namesilo,,,03/10/2026 14:31
1d789b24-d9cd-4d30-b625-64c88a63cbc9,else.vegas,available,12.99,43.99,high,low,4,namesilo,,,30/09/2026 23:12
bd482e16-6094-49aa-880f-c8247dbaa9c9,superhero.faith,premium,3250,130,high,low,9,namecheap,,,16/09/2026 20:24
f2ab7742-3b97-4ea8-9d28-f68dc018695c,flexing.vip,premium,227.5,19.5,high,low,7,namecheap,,,01/10/2026 22:33
000ac6d7-fa84-42f2-be06-b118b1cc9f32,instagrammable.support,available,11.99,,medium,low,14,name.com,,,
9c06a02f-8b03-4a0b-b6f9-c3be3fe6ff19,cindy.shopping,available,23.2,23.2,high,low,5,cloudflare,,,02/10/2026 13:16
36dbaf78-5d55-4382-b165-8974c9ab889b,tesla.fishing,available,33.98,45.98,high,medium,5,namecheap,,,30/09/2026 05:46
042d2b12-da8c-4100-8482-afe30062b89e,responsive.photo,available,29.99,29.99,high,low,10,namesilo,,,22/09/2026 06:49
e02377f4-edf8-476b-90ec-ecab1f07cdc7,present.free,premium,100.5,103.7,high,low,7,unstoppable,,,01/10/2026 20:06
3bc7cc8d-2f4f-4fec-ad66-5f9827049057,proper.jetzt,available,23.99,23.99,high,low,6,namesilo,,,27/09/2026 07:40
b88444af-dbc0-484f-b4f4-9b1a9776a385,counter.tienda,available,47.81,47.81,high,low,7,spaceship,,,04/10/2026 05:53
04a201f4-3172-4d45-8383-a4b6491a31d2,cricket.luxury,premium,414.2,414.2,high,low,7,spaceship,,,29/09/2026 12:00
ac244fc1-30c6-4fe2-8c50-e42fee3d4f4a,purpose.so,available,,,high,low,7,,,,
726fd759-2b2a-4aac-9d96-085ca1403b73,just.soccer,resell,,,high,medium,4,GoDaddy Online Services Cayman Islands Ltd.,12/09/2015 06:59,12/09/2027 06:59,26/09/2026 07:03
91aa3c7a-2eea-43f9-aaac-12176687fc34,each.graphics,available,23.99,23.99,high,low,4,namesilo,,,24/09/2026 12:45
833fd3a0-e4c7-4fea-b700-f0bb960faf45,signs.info,resell,,,high,low,5,Dynadot Inc,13/07/2002 19:23,13/07/2035 19:23,26/09/2026 09:01
802285eb-94f7-4071-b800-0ab463c5d9e3,coffee.ceo,premium,510.98,510.98,high,medium,6,namesilo,,,29/09/2026 10:14
63eac9db-195e-4a21-abd1-467f9f7b1c0b,government.associates,premium,85.8,85.8,high,low,10,namecheap,,,24/09/2026 22:50
3109c2af-3ac5-4b35-8a7b-81ae4dcf3489,desires.cash,available,12.99,38.99,high,low,7,namesilo,,,17/09/2026 08:40
7a53abef-37f5-4a01-917d-f00cbd820046,most.cars,available,1999.99,2199,high,low,4,namesilo,,,25/09/2026 21:48
c577b9d2-18da-4a02-8f8e-a9548805aac4,all.page,premium,638.72,638.72,high,medium,3,namesilo,,,22/09/2026 00:25
7dd587ff-5243-4202-a00e-5d17f2337fe6,act.design,premium,273.44,273.44,high,medium,3,porkbun,,,28/09/2026 18:03
20fdf66a-1db7-4c85-badc-87a647372715,tablets.exposed,available,22.49,22.49,high,low,7,namesilo,,,18/09/2026 15:46
8b3cf53f-bad3-448a-8e86-f64f1edd148b,tablets.club,premium,116,17.7,high,low,7,namesilo,,,18/09/2026 15:46
bb28f8da-faf0-40d4-8251-86c9b00c33b8,superman.top,premium,49.14,49.14,high,low,8,namesilo,,,29/09/2026 00:15
c287d239-9117-452f-9260-2d1a683addf1,alright.fashion,available,33.98,45.98,high,low,7,namecheap,,,22/09/2026 01:15
599a4805-4fab-4dd5-bf5a-dcf48cb71bb9,antioxidant.futbol,available,7.49,17.99,high,low,11,namesilo,,,01/10/2026 08:00
d21c6820-0b2f-4c63-b35f-332785f0c3fc,ipad.kiwi,available,21.41,21.41,high,high,4,dynadot,,,01/10/2026 07:22
3dbde73c-7fc8-488b-b5a6-fcf2be984f00,kindness.black,available,26.5,,high,low,8,unstoppable,,,29/09/2026 19:54
41d08091-5692-4faa-9849-fed0b406f52c,thing.rsvp,premium,257.92,257.92,high,low,5,spaceship,,,28/09/2026 19:13
97f817e0-ae81-461c-b65c-03f4564be8c3,barbecues.center,available,4.98,42.98,medium,low,9,namecheap,,,21/09/2026 08:34
90d9e58f-85d1-427f-852e-1a06898252c8,identity.meme,premium,155.45,155.45,high,medium,8,spaceship,,,03/10/2026 13:49
9daf2d42-ea9b-4d06-9e49-78b6a5f4570a,agreed.esq,available,25.98,29.98,high,low,6,namecheap,,,21/09/2026 23:21
7f4952ff-0ad5-436d-b50d-e9b3848ecbd5,cindy.gallery,available,22.97,22.97,high,low,5,spaceship,,,02/10/2026 13:16
d9bb57a3-c669-4154-a7b6-c4e9489fc21c,awarding.qpon,available,1.54,9.66,high,low,8,porkbun,,,28/09/2026 23:40
fecff6c5-0096-41d1-b3d9-bc8f972a31ce,spontaneous.sale,available,30.2,30.2,high,low,11,cloudflare,,,01/10/2026 03:21
8fe7d0e8-94ee-4795-91f9-1ac456fcf47f,storytellers.mom,available,1.99,27.99,high,low,12,namesilo,,,20/09/2026 12:55
257af339-3fc4-4ac3-ada8-56888fba0535,available.construction,available,38.99,38.99,high,low,9,namesilo,,,22/09/2026 14:22
78303035-6f6b-4df6-aa45-8fb1b09f5a96,bad.love,premium,1365,1950,high,medium,3,namecheap,,,22/09/2026 16:05
586239ef-bed0-4f84-9eb1-4e1a0c04482d,mall.barcelona,available,25.04,25.04,high,low,4,spaceship,,,30/09/2026 03:46
b2b10ac1-d4e2-43de-a704-f9cb8534e0e3,lover.how,premium,244.4,244.4,high,low,5,namecheap,,,23/09/2026 10:15
513b7615-9c73-438c-8db3-8c14913e3a48,sunglass.reviews,available,49.88,49.88,high,low,8,spaceship,,,30/09/2026 12:22
18b97485-ce6d-44cd-bbb5-75cae5982271,green.tattoo,available,2.99,34.99,high,medium,5,namesilo,,,03/10/2026 05:34
e19f81a3-0f59-4cbf-9af8-f5f9f9b32482,realizable.website,available,2.99,22.99,high,low,10,namesilo,,,21/09/2026 15:51
5f48512a-62bc-4fbb-8c48-321193f206e1,empowering.gifts,premium,38.94,38.94,high,low,10,namesilo,,,02/10/2026 01:02
c27993fd-06de-4165-a4f2-e907e3642f7d,abiding.realty,available,109.99,299,high,low,7,namesilo,,,21/09/2026 13:52
6f02f3ba-85e5-40c4-b1f9-6a0390fa8831,schools.gift,available,16.58,16.58,high,low,7,porkbun,,,28/09/2026 08:54
23727e0a-84a1-40ed-8d96-ddc8bf91733e,abiders.pub,available,39.99,39.99,medium,low,7,namesilo,,,18/09/2026 03:55
2d27efcd-2ca1-4f71-9924-d2eff95a0264,seventeen.menu,available,27.99,27.99,high,medium,9,namesilo,,,19/09/2026 06:27
214f87b8-f177-4652-9369-ca3fa2ba706d,poker.delivery,premium,99.5,118.8,high,medium,5,unstoppable,,,29/09/2026 19:21
95a80672-d330-4ca0-8891-2b53d5235710,appreciation.cv,available,9.99,9.99,high,low,12,namesilo,,,04/10/2026 11:55
ec6109ff-1780-4ca3-af7e-6db0f926cc10,xiv.yachts,available,1.99,17.29,high,low,3,namesilo,,,21/09/2026 11:42
de908505-8cc4-4e84-9b15-4d83ba15bca5,thinking.blackfriday,available,128.98,134.98,high,low,8,namecheap,,,28/09/2026 02:31
8a4627e7-e007-4798-8ba7-d59d830e277e,create.org,resell,,,high,medium,6,"GoDaddy.com, LLC",08/05/1997 04:00,09/05/2027 04:00,26/09/2026 05:19
cad50ec0-7345-4289-92f0-d2e0f0d0c81c,superman.christmas,available,1.24,31.16,high,low,8,spaceship,,,29/09/2026 00:15
1d06d295-b2af-4cdd-95ba-f3ef01e7e2c6,certain.black,available,15.73,51.95,high,low,7,spaceship,,,27/09/2026 19:05
fd3213e8-c666-45c8-9b76-9b94aabb20c2,ruben.vana,available,2070.2,2070.2,high,low,5,spaceship,,,29/09/2026 00:07
5614d905-73ae-4af8-a6e9-0ed482234003,just.nexus,premium,1298.7,1298.7,high,medium,4,namecheap,,,25/09/2026 19:55
71ff20b1-1d2e-4ee0-ab80-6da5d5997d8f,health.tours,resell,,,high,medium,6,"GoDaddy.com, LLC",24/09/2016 17:45,24/09/2027 17:45,03/10/2026 20:51
9e94c626-f9fa-4c42-abcc-759cd8b96c32,tech.cooking,premium,87.86,27.82,high,medium,4,porkbun,,,03/10/2026 14:59
32058eab-564c-49ec-9117-4fbfcc20e1fd,wwe.fishing,available,32.49,32.49,high,medium,3,namesilo,,,01/10/2026 07:59
c4017e9a-6acd-4896-9ae1-b89711668ca7,fact.fast,premium,275,275,high,low,4,dynadot,,,29/09/2026 18:51
86aa46f5-0438-4fae-835a-9522f0cb63d5,achievable.inc,premium,2061.5,2660,high,low,10,namesilo,,,21/09/2026 15:42
c6946ea0-e82d-47d0-a172-06eded866f8b,trex.flights,available,58.99,58.99,high,low,6,namesilo,,,18/09/2026 12:51
bfcbb0ec-0b31-4ebf-b225-5e73aa048371,mac.date,premium,310.7,51.95,high,high,3,spaceship,,,30/09/2026 03:40
27db5d1d-8e74-4539-9256-0ec186d16cca,gems.tax,available,14.99,67.49,high,low,4,namesilo,,,19/09/2026 19:45
49ca8a78-56f9-4d35-9d92-8d5ab8de7fdb,barbecues.wiki,available,2.99,32.49,medium,low,9,namesilo,,,21/09/2026 08:34
9cdf4ad3-259f-4129-93ae-a828efcd3e1c,dogwalking.contractors,available,36.98,39.98,high,low,10,namecheap,,,18/09/2026 19:10
30abc3d0-d575-4da9-b0b8-009ed55061b8,schools.football,premium,102.67,102.67,high,low,7,spaceship,,,28/09/2026 08:54
08354c32-94ad-4376-9c4a-69d25c477ab9,rhianna.gay,available,2.99,38.99,high,low,7,namesilo,,,02/10/2026 14:02
203aff40-3f4d-408d-8fd6-e505a07638b1,any.hot,premium,3450,3450,high,medium,3,namesilo,,,22/09/2026 07:02
02c26321-e251-412b-a56d-580715885a66,information.holdings,available,51.95,51.95,high,low,11,spaceship,,,03/10/2026 22:51
73c11c2b-f707-4532-b8c3-73d0fd28e2d8,same.guide,available,33.32,33.32,high,low,4,spaceship,,,27/09/2026 17:53
338f6a55-41d4-448e-9dbf-a3ca30cdf3c9,enviable.partners,available,10.48,88.98,high,low,8,namecheap,,,24/09/2026 14:16
e099e62f-07a0-4f8d-a2df-669fd3156353,tablets.page,premium,165.12,165.12,high,low,7,namesilo,,,18/09/2026 15:46
64dbb896-5ff3-46b4-b377-69cbf8b3f4e8,kindness.fishing,available,26.08,26.08,high,low,8,spaceship,,,29/09/2026 19:54
f4c53ade-42f5-45f3-90ea-ec33871d01ef,events.red,resell,,,high,medium,6,"Spaceship, Inc.",29/11/2022 14:39,29/11/2026 14:39,03/10/2026 22:21
c50598bc-dbcd-42b1-bbb8-1c68d765bc15,disney.trade,premium,385,55,high,high,6,dynadot,,,29/09/2026 15:59
55920696-b702-49ab-a07c-f1d96a518122,blueberries.mom,available,1.99,27.99,high,low,11,namesilo,,,17/09/2026 17:28
f6b68807-1f3a-42d2-bda9-52128e996032,fashionable.new,available,412.2,412.2,high,low,11,spaceship,,,28/09/2026 15:41
a7ec9820-9357-4ede-8894-7e8fb4ce4539,simple.university,available,49.88,49.88,high,medium,6,spaceship,,,02/10/2026 23:43
2a274d84-b6be-49c2-9a3e-ed6e345a6b69,guest.cloud,resell,,,high,low,5,Porkbun LLC,16/08/2019 00:01,16/08/2027 00:01,29/09/2026 17:42
5681dc03-ac5c-4bfd-8609-1eec38cf0ff1,panda.schule,available,22.2,22.2,high,medium,5,cloudflare,,,28/09/2026 19:27
5c91478b-4b17-40d6-b983-b842bd164b83,funny.army,available,18.99,39.99,high,low,5,namesilo,,,23/09/2026 15:21
fdac250b-9c65-4288-9b73-9201ff7d90b5,built.jetzt,available,24.48,30.48,high,low,5,namecheap,,,23/09/2026 10:20
3a3bfb30-d426-4a51-bd9a-31ebd37347d6,realizable.sh,available,39.99,47.99,high,low,10,namesilo,,,21/09/2026 15:51
4ef6669d-1122-4a28-94f0-b9c5ac2f2a5a,still.casino,available,14.99,159.99,high,low,5,namesilo,,,23/09/2026 12:34
9ae4e803-dba6-4a84-91ea-73fff8ad36a1,mojo.financial,available,17.48,66.98,high,medium,4,namecheap,,,30/09/2026 04:53
844b26d5-b208-4adc-a8d5-0468330edc9f,always.rodeo,available,12.99,12.99,high,medium,6,namesilo,,,28/09/2026 12:09
e4c917dc-8d07-4c43-bfd4-d9b306290355,tonic.management,available,25.99,25.99,high,low,5,namesilo,,,19/09/2026 16:01
178d0e9b-d7ce-4c4c-aa58-b79a53ad6871,sony.cars,available,2070,2950,high,medium,4,namecheap,,,02/10/2026 08:46
f9274fd0-edba-4d53-9d5e-56a9cc1228e2,kind.sydney,available,58,58,high,low,4,namesilo,,,25/09/2026 12:40
23b9705c-d9a7-435d-aa1f-6e25b55ad188,young.creditcard,available,129.2,129.2,high,low,5,spaceship,,,28/09/2026 09:49
ad1aad0b-1cd5-45b0-a819-b7ec40068e6f,whether.ag,available,82.5,82.5,high,low,7,dynadot,,,30/09/2026 22:27
9e4742e7-6c66-4eb4-8fa9-a506fea2b634,emoji.camera,available,58.99,58.99,high,medium,5,namesilo,,,03/10/2026 02:08
002c6c3f-0f17-4540-b31a-b5949c9afb86,thinking.vacations,available,30.2,30.2,high,low,8,cloudflare,,,28/09/2026 02:31
5469da10-d2d8-43c9-9781-3b7690554a74,dessert.review,premium,1035.2,103.7,high,low,7,spaceship,,,03/10/2026 15:44
0f6fc669-2e43-4728-a31e-5fe73e75a026,awakening.host,available,4.68,81.97,high,low,9,spaceship,,,28/09/2026 23:36
8f47c66b-148c-4107-b99d-ce28dcb1dfef,tablets.consulting,available,27.99,54.99,high,low,7,namesilo,,,18/09/2026 15:46
cbb9eaef-1738-4c2c-9ae5-95fc00cfe7e7,dear.tattoo,available,2.98,48.98,high,low,4,namecheap,,,22/09/2026 19:24
06f17c5e-7191-4dd1-8eb9-f5f1aebcbaa2,concorde.com,resell,,,high,low,8,Atom.com Domains LLC,30/09/1993 04:00,29/09/2027 04:00,30/09/2026 06:42
06ef2d24-a93a-41f0-828a-88b405c567ee,diner.forex,available,13.5,,high,low,5,unstoppable,,,29/09/2026 05:07
cc2d447f-ffe6-4107-8e05-8ea6dcf41c40,look.archi,available,19.99,103.99,high,low,4,namesilo,,,24/09/2026 21:51
6c4644af-9eca-4b5a-a516-908ecccf8c44,week.city,resell,,,high,low,4,"DNSPod, Inc.",21/05/2019 08:30,21/05/2027 08:30,29/09/2026 05:49
ed6bb55c-ee6e-4b6e-a2d2-c8fd7c021d9f,accurately.markets,available,7,,high,low,10,unstoppable,,,28/09/2026 11:42
c9f65003-fdb9-440b-acea-8affb27a0ddf,dogwoods.new,available,488.98,601.98,medium,low,8,namecheap,,,20/09/2026 13:05
c463c271-c416-456a-9045-b6a59537f41f,feet.kiwi,available,31.98,35.68,high,low,4,namecheap,,,02/10/2026 15:14
460c8ac4-b521-40e2-a616-42591f2f8192,available.cafe,available,7.25,51.99,high,low,9,namesilo,,,22/09/2026 14:22
6b3a164a-09cf-464b-b8da-ff8990c8e921,sovereign.gripe,available,6.99,6.99,high,medium,9,namesilo,,,22/09/2026 14:14
d817c902-4893-41ab-9d93-5908fec7e9e0,islands.new,available,412.2,412.2,high,low,7,spaceship,,,02/10/2026 09:15
8a64c0de-b2d3-4f07-892e-6fe2af4ff0d3,antique.diamonds,premium,512,512,high,low,7,namesilo,,,21/09/2026 22:23
1e0f278f-3488-4495-b22d-8de9aa889d76,television.country,available,2064.2,2064.2,high,low,10,spaceship,,,04/10/2026 00:47
a59e994d-a0ff-412a-8cde-3e158e89edba,liam.limited,available,36.99,36.99,high,low,4,namesilo,,,02/10/2026 10:06
c3799c52-ddb4-499e-9655-d614015172c2,additional.net,resell,,,high,low,10,Whois Corp.,09/05/2000 10:45,09/05/2027 10:45,26/09/2026 01:22
a4322f42-8a46-4742-a0f2-00a0f1d84745,career.center,resell,,,high,low,6,,,,29/09/2026 05:57
9514f171-831e-4aca-b64f-c319c3ecfae6,chief.democrat,available,7.25,32.99,high,low,5,namesilo,,,23/09/2026 00:59
65fbfc1a-f7bb-4b3f-a586-5c547ba57341,lord.melbourne,available,58,58,high,low,4,namesilo,,,22/09/2026 01:47
6ca0610d-8198-4fa3-8a08-6d706e90827e,barbecues.social,available,9.99,41.49,medium,low,9,namesilo,,,21/09/2026 08:34
c0279f57-583f-4957-8a20-be94cdd9b892,nutritious.yoga,available,32.49,32.49,high,low,10,namesilo,,,19/09/2026 11:02
1ffcef3c-a462-4567-8e29-18ee95a939d5,okay.webcam,premium,640,77.35,high,low,4,namesilo,,,22/09/2026 01:07
d0080754-cfb5-4bb9-9b90-72e7bf9a1c58,satisfies.broker,available,11.98,47.98,medium,low,9,namecheap,,,20/09/2026 14:54
aa78a573-b835-482c-8652-0015fb3e0e78,toshiba.protection,available,2064.2,2064.2,high,high,7,spaceship,,,30/09/2026 04:27
b0599849-6c17-4ffb-b6d7-f26981c575b2,espn.club,premium,,,high,low,4,,,,28/09/2026 08:02
105da6e8-f002-4736-a0c4-149de8089a31,okay.memorial,available,52.99,52.99,high,low,4,namesilo,,,22/09/2026 01:07
894f869c-1109-49c5-838d-4574534c940c,destination.green,available,62.2,62.2,high,low,11,cloudflare,,,03/10/2026 21:31
e469efba-2b25-4081-a25e-f765f4d4586b,three.loans,available,20.99,116.99,high,low,5,namesilo,,,21/09/2026 13:02
d4ef8db5-596d-4390-aecf-1d15da57220b,favours.gripe,available,6.99,6.99,medium,low,7,namesilo,,,17/09/2026 23:24
dcee4597-c7f7-4b2a-8f99-0500d29bb68e,sharp.us,resell,,,high,low,5,Dynadot Inc,24/04/2002 14:27,23/04/2027 23:59,26/09/2026 08:58
1c9276f3-473c-489c-948a-d352e1031804,thing.markets,available,5.38,15.73,high,low,5,spaceship,,,28/09/2026 19:13
4a8271ca-5d2a-4ce0-9975-a7e368021aa6,healthy.finance,resell,,,high,low,7,"Spaceship, Inc.",27/08/2025 15:15,27/08/2027 15:15,04/10/2026 20:47
516a07cb-0b0f-4b70-af35-af47a5618af2,storytellers.autos,available,1.99,17.29,high,low,12,namesilo,,,20/09/2026 12:55
3ab9bda8-e705-4869-9ed6-cd91bdc7a297,vegetable.plus,available,4.34,43.67,high,low,9,spaceship,,,30/09/2026 14:21
b8ac071b-9535-4109-bb1c-d4ec864cb05c,what.men,premium,517.7,67.48,high,medium,4,spaceship,,,30/09/2026 22:04
3ad84ce2-6bb2-4a5c-a13e-8e2258deff37,einstein.porn,available,51.95,98.53,high,low,8,spaceship,,,28/09/2026 20:04
655fdc4f-773b-4b0a-a6b2-22b9970e4ec4,tenth.loan,available,5.25,6.25,high,low,5,namesilo,,,21/09/2026 11:17
4f5ac90d-e569-493c-ba1a-9f383c7fa953,onto.world,resell,,,high,low,4,"Sav.com, LLC - 9",26/04/2026 15:15,26/04/2027 15:15,01/10/2026 02:29
e897e7d4-185e-44d4-a86a-92a8482f6182,cheerfully.dance,available,9.78,22.14,high,low,10,porkbun,,,28/09/2026 13:48
85adc52b-8f0e-4974-8796-1e46f772202b,toy.vet,premium,78.54,78.54,high,low,3,namesilo,,,30/09/2026 07:01
db703aed-934f-4599-96bd-9edf9fc566fd,lol.quest,resell,,,high,low,3,"Spaceship, Inc.",06/04/2026 20:52,06/04/2027 23:59,30/09/2026 21:37
698dd335-2199-4bb5-af11-b2b2a3d1ee1e,hardly.limited,available,29.18,29.18,high,low,6,spaceship,,,27/09/2026 18:23
f30588b3-4f7c-4bc7-b696-fecaedf2a9d3,pita.center,available,5.5,,high,low,4,unstoppable,,,30/09/2026 06:47
339e0160-2869-4dfc-9a1c-31d773876a0d,may.jetzt,premium,34.36,34.36,high,low,3,spaceship,,,29/09/2026 11:57
f8932fb1-5885-4620-b5e7-44afd0ae352a,chickpeas.email,available,7.49,30.99,medium,low,9,namesilo,,,20/09/2026 11:04
83353a8d-be1c-4219-a22b-03a763007353,cara.website,resell,,,high,low,4,,,,28/09/2026 22:02
e629f41f-4d84-492a-a122-e876d5eb270e,mall.garden,premium,854,29.5,high,low,4,namesilo,,,30/09/2026 03:46
04eeb507-024c-466b-8da3-53506c6bc35a,apples.football,available,26.98,36.98,high,low,6,namecheap,,,18/09/2026 14:01
3e565ad6-42e7-43ad-97ac-07eafe0e0941,recognised.design,available,12.98,68.98,high,low,10,namecheap,,,21/09/2026 15:30
d36d7e65-643a-45f8-81de-d4d13e020b97,agreeable.boo,available,12.98,16.98,high,low,9,namecheap,,,21/09/2026 23:17
78902211-63fd-4bfb-ad6b-1acdfe86a43d,fourteen.lawyer,available,62.99,62.99,high,low,8,namesilo,,,21/09/2026 11:38
a844d806-75f0-479f-b4cb-13757b7b3902,fit.ngo,available,18.98,24.98,high,medium,3,namecheap,,,24/09/2026 18:48
d9b91e01-598e-44db-8404-504f1a631fdb,committed.deals,available,39.99,39.99,high,low,9,namesilo,,,23/09/2026 15:46
e0be0c61-b5b3-4a59-8710-cafdef7b47c8,panoramic.associates,available,12.98,49.98,high,low,9,namecheap,,,22/09/2026 21:06
b96de858-9260-4aa7-a173-d119c2b7dcc6,avon.photo,available,29.99,29.99,high,low,4,namesilo,,,28/09/2026 23:31
628522a8-2acb-4a60-8d57-3ac990d69b0b,destinies.win,available,5.25,6.25,high,low,9,namesilo,,,20/09/2026 07:12
abbb3495-098e-47de-ae90-99329c61e58e,shakespeare.tickets,available,359.99,488.88,high,low,11,namesilo,,,02/10/2026 08:48
2523b0d8-37d3-45fc-86e0-f715ce3e6865,absorbed.icu,premium,68.43,147.2,high,low,8,namesilo,,,21/09/2026 14:58
dc356030-8232-4745-a493-449d757adac4,reebok.limited,available,8.24,29.35,high,low,6,porkbun,,,02/10/2026 03:57
4f282e3a-f7be-44a9-b0ad-bf81fd4b2d40,satisfies.exposed,available,22.49,22.49,high,low,9,namesilo,,,20/09/2026 14:54
2d317331-fe7d-46c3-91c2-928b83b4960f,balsamic.gives,available,14.99,23.99,high,low,8,namesilo,,,22/09/2026 16:34
c057b21b-addb-444b-8a76-c256ae10640c,unity.dating,available,20.99,64.99,high,medium,5,namesilo,,,21/09/2026 10:47
a64b28bc-975c-44d9-86a3-5d1f43f4f2d1,ground.schule,available,22.97,22.97,high,low,6,spaceship,,,03/10/2026 20:31
e4fab04f-8600-4cfa-9cc9-b0eada092fe2,blueberries.exchange,available,12.99,38.99,high,low,11,namesilo,,,17/09/2026 17:28
cf7a3e6e-8677-41cb-afc3-563801f83a55,anywhere.vin,available,8.5,,high,low,8,unstoppable,,,28/09/2026 12:18
7b186a3c-80b1-469b-bbd2-888603988749,coffee.cfd,premium,330,660,high,medium,6,dynadot,,,29/09/2026 10:14
4d0cc8cb-9aca-43ab-8e30-4cdcbfb9daab,fruits.rodeo,available,12.99,12.99,high,low,6,namesilo,,,17/09/2026 12:52
e0aa7c69-7f77-432b-84e2-17e4346fb0fc,diy.casa,premium,242,11.8,high,low,3,namesilo,,,01/10/2026 01:42
1908c6b4-85b0-4a40-aa85-301bb3aaf75a,learn.reise,available,27.89,97.99,high,medium,5,namesilo,,,30/09/2026 12:48
23579f41-e7b6-4efb-b1ce-31bbb523e909,learn.lat,premium,2070.2,2070.2,high,medium,5,spaceship,,,30/09/2026 12:48
ea9eb78f-5382-4a66-bc33-befc900f2fd8,loops.luxury,available,49.99,,high,low,5,name.com,,,17/09/2026 12:15
82f26229-6629-419b-a8c0-d5a773542f4f,favors.group,available,25.99,25.99,high,low,6,namesilo,,,18/09/2026 09:42
b619feb8-2ded-4f20-81fb-f6efeed14bfc,young.restaurant,available,11.98,81.98,high,low,5,namecheap,,,28/09/2026 09:49
b524a779-dac2-4329-815e-902b1671c460,set.best,resell,,,high,low,3,"Spaceship, Inc.",02/06/2026 20:44,02/06/2027 23:59,02/10/2026 12:23
213de279-f68f-4c20-8996-d66c5f417872,mojo.fan,available,6.64,45.16,high,medium,4,dynadot,,,30/09/2026 04:53
d9205ffd-19d7-4871-bb87-64d7d0a82371,respected.space,premium,116,116,high,low,9,namesilo,,,27/09/2026 12:38
9c9da681-90d5-4086-947a-36ab561f7c92,wrong.vin,available,6.98,75.98,high,low,5,namecheap,,,25/09/2026 07:41
06a5ff4b-8a9f-4915-a5ae-b7f428a1eadf,pepsi.photography,available,5.66,29.35,high,low,5,porkbun,,,30/09/2026 06:38
4d5be694-2a78-41f5-b631-81085d4f3b43,capcom.fyi,available,17.7,17.7,high,low,6,namesilo,,,04/10/2026 15:26
04ceb409-f4d5-4f65-baef-935c092e816a,minor.lat,available,1.8,40.98,high,low,5,namecheap,,,25/09/2026 20:28
40866182-3937-4cb5-bcf2-9f49dfe25155,front.shiksha,available,19.99,74.99,high,low,5,name.com,,,24/09/2026 21:48
341c0fa2-7b46-4cdc-9274-73af77ece59f,acceptable.immobilien,available,37.99,37.99,high,low,10,namesilo,,,21/09/2026 15:23
976f7a5d-b0f9-4992-885c-66e6650e77dc,activated.audio,available,104.99,114.99,high,low,9,namesilo,,,21/09/2026 16:32
b1694439-0adc-4bb6-862e-78a7738bc1d4,gusto.education,available,34.99,34.99,high,low,5,namesilo,,,29/09/2026 21:46
0933dbbb-6f64-4c98-989b-0aebef3a9141,time.run,resell,,,high,medium,4,"Chengdu West Dimension Digital Technology Co., Ltd.",24/10/2017 05:03,24/10/2027 05:03,01/10/2026 20:18
d26e662e-0274-447a-992b-1532f26ff2bb,without.bet,available,20.2,20.2,high,low,7,cloudflare,,,30/09/2026 23:19
196f3d4a-d9ab-4f9d-8019-9c8a07f83408,awe.exposed,premium,26,26,high,low,3,namecheap,,,28/09/2026 23:47
35fb9075-c62b-46e0-9f5b-70a63710d9a3,surprise.prof,premium,164.77,164.77,high,low,8,spaceship,,,30/09/2026 12:35
931a174f-f136-4780-83d9-7e8b00289109,disneyland.fit,available,2.99,32.49,high,low,10,namesilo,,,29/09/2026 16:04
4f1aebec-09d7-44bd-8472-740db6b05cfb,room.icu,premium,384,768,high,low,4,namesilo,,,01/10/2026 16:16
018c8f30-cf4b-44f8-a6cb-b0c1b394906e,investing.hot,premium,100.5,116,high,low,9,unstoppable,,,03/10/2026 22:45
f8b63df0-e47c-4919-b361-4b5ae28e722b,fourteen.diy,available,5.49,39.99,high,low,8,namesilo,,,21/09/2026 11:38
3d47edff-1127-4895-a168-965764b2b2ab,cake.blog,premium,1625,6500,high,low,4,namecheap,,,04/10/2026 08:40
fd83b7df-c785-41e1-9144-61aaca2ef35f,lunch.group,resell,,,high,low,5,Dynadot Inc,10/02/2026 17:00,10/02/2027 17:00,29/09/2026 13:42
9dd41840-b790-4efa-b6a3-6c99afaaf6e2,aggressive.xxx,available,179.99,179.99,high,low,10,name.com,,,21/09/2026 22:59
c693016b-e7df-451b-a4bf-093e7a6a851f,hot.investments,premium,242,242,high,medium,3,namesilo,,,19/09/2026 15:25
efc76e2b-47df-4112-a8ab-bb863db191e1,pretty.lease,available,56.99,56.99,high,low,6,namesilo,,,25/09/2026 12:04
954ecaad-02dc-45bd-a89e-b4e0c0d59c92,chocolate.trade,resell,,,high,low,9,Dynadot Inc,04/09/2026 00:01,04/09/2027 00:01,02/10/2026 13:11
4f9683b4-d7f8-4a36-afe6-3006885820b3,epic.lgbt,available,14.99,79.99,high,medium,4,namesilo,,,24/09/2026 14:28
15e87726-29da-4fda-89fa-445126131f3c,chips.phd,premium,164.77,164.77,high,low,5,spaceship,,,29/09/2026 08:44
52a0470e-d6bf-4ada-8202-31e2f6ce171d,extra.gratis,premium,23.6,23.6,high,low,5,namesilo,,,21/09/2026 17:12
88a15741-85fa-4832-ba1f-bb7e408e4f78,eighteen.ventures,available,20.99,59.99,high,low,8,namesilo,,,21/09/2026 11:58
0219f954-f00f-4a6a-818f-b70b519e8e81,intro.rent,available,17.99,59.99,high,low,5,namesilo,,,30/09/2026 00:18
0e560ba3-c0cc-4591-b422-162ac383e29c,chocolates.hospital,available,44.2,44.2,high,low,10,cloudflare,,,01/10/2026 16:49
315bf269-194e-4d60-8caf-40b8526370d3,easier.boston,available,23.49,23.49,high,low,6,namesilo,,,27/09/2026 09:58
4e6a45b9-8ddd-40f2-bf7e-2ce91db15923,funny.diet,available,104.99,114.99,high,low,5,namesilo,,,23/09/2026 15:21
c0904de6-0c14-4a49-9d5f-38b3b62eec2e,friendship.audio,available,107.22,107.22,high,low,10,dynadot,,,29/09/2026 19:59
2c21ff42-5930-4939-8419-de8d9449b01b,realizable.store,available,5.19,58.99,high,low,10,namesilo,,,21/09/2026 15:51
43e0c3f9-4314-4dcd-a0f0-daf8a5fa5202,appreciation.auction,available,36.99,36.99,high,low,12,namesilo,,,04/10/2026 11:55
0f15f0fa-9949-4f09-8651-195cd1178f1f,fascinate.hamburg,available,69.98,73.98,high,low,9,namecheap,,,29/09/2026 08:16
729626cd-dfd7-4487-9c02-dc2740b94a37,person.dentist,premium,242,242,high,low,6,namesilo,,,25/09/2026 09:11
dfe66410-e54c-4b3d-a5bf-4fe5c18a11bf,whether.qpon,available,2.19,11.49,high,low,7,namesilo,,,30/09/2026 22:27
b59aa06f-4c81-4407-9bfd-dbba7c80106a,diner.design,available,45.2,45.2,high,low,5,cloudflare,,,29/09/2026 05:07
af527ae9-8e5b-4f83-bee3-3b33b8b74613,pepsi.casa,available,1.98,17.98,high,low,5,namecheap,,,30/09/2026 06:38
7430a6c2-d8f6-49db-885b-dc903d0e3a13,elly.living,available,5.49,39.99,high,low,4,namesilo,,,03/10/2026 09:33
c3772f51-1fd2-453c-9f1f-ec0c55697ff1,short.id,resell,,,high,medium,5,PT Jagat Informasi Solusi (int),14/02/2020 00:44,14/02/2027 23:59,26/09/2026 09:00
4f6d3057-9abd-439f-bba2-88361a37fa11,trillionaire.software,available,20,,high,low,12,unstoppable,,,01/10/2026 22:35
c386a587-c069-44c0-af5f-6a73be2731c4,madeline.icu,premium,41.08,81.97,high,low,8,spaceship,,,29/09/2026 03:55
e6a5d4ab-4dc3-410a-af81-a3d6e63de287,friendship.estate,available,15,,high,low,10,unstoppable,,,29/09/2026 19:59
ff2ee189-6751-40b9-b658-2e25bfd2f226,sunbeam.democrat,available,7.25,32.99,high,low,7,namesilo,,,30/09/2026 12:18
a3d6aaa5-92c6-4a77-9b9a-908b4d63ea33,face.channel,premium,648.7,648.7,high,low,4,namecheap,,,24/09/2026 21:57
51fc08be-f431-4594-bd93-e1afcb822a61,see.taxi,available,10.99,62.99,high,medium,3,namesilo,,,24/09/2026 16:46
10a823e1-21d2-407d-a1ef-e702de9905b2,dogwoods.church,available,14.99,58.99,medium,low,8,namesilo,,,20/09/2026 13:05
02dce122-8f76-447a-bf33-8b861c85dbab,between.creditcard,available,144.99,144.99,high,low,7,namesilo,,,28/09/2026 11:25
2c4b7a0c-6ee6-473c-84a4-b6949c419e15,susan.voyage,available,45.2,45.2,high,low,5,cloudflare,,,01/10/2026 04:01
248f6742-715a-4693-8b39-c69072617515,cucumbers.ing,available,12.98,16.98,medium,low,9,namecheap,,,20/09/2026 10:05
b92e7665-bd60-40ae-a778-7eb718167797,art.claims,resell,,,high,medium,3,"Global Domains International, Inc. DBA DomainCostClub.com",15/06/2026 15:15,15/06/2027 15:15,04/10/2026 16:16
33a9bd09-5ce5-44e1-af06-7c9b8e1794dc,short.rodeo,premium,96,11.8,high,medium,5,namesilo,,,24/09/2026 04:44
89355603-166c-4a14-8882-2b7c978f6d50,abiders.clothing,available,32.99,32.99,medium,low,7,namesilo,,,18/09/2026 03:55
6a37adc1-51f5-4a47-81db-c0fb835230d6,alright.furniture,available,27.99,94.99,high,low,7,namesilo,,,22/09/2026 01:15
fd432c69-268e-43eb-befb-ecc5444e0993,sunlight.fashion,available,33.98,45.98,high,low,8,namecheap,,,30/09/2026 12:24
f3bbcdff-fa84-423d-936c-b6f615bc3f1d,medical.nyc,premium,6500,32.5,high,low,7,namecheap,,,04/10/2026 13:29
593a858d-dd50-4725-8d09-68a7fa520531,heart.store,premium,1107,1107,high,low,5,namesilo,,,23/09/2026 13:28
b1f75916-1168-4ade-850d-610a02714ce5,act.codes,premium,68.51,68.51,high,medium,3,spaceship,,,28/09/2026 18:03
c52b4ebb-ff7f-42dc-bdff-d95d1be5b30d,nike.music,premium,71.62,38.5,high,high,4,spaceship,,,30/09/2026 05:45
cb774696-9281-4f08-9ed8-73c860ca7314,whether.food,available,4.35,31.25,high,low,7,spaceship,,,30/09/2026 22:27
478f15ed-ac41-4918-9045-08f8463d9778,movement.tips,available,15.99,30.99,high,low,8,namesilo,,,28/09/2026 21:51
5029c38e-8ed9-4b87-842f-db8604013287,absorbed.catering,available,40.98,48.98,high,low,8,namecheap,,,21/09/2026 14:58
582806a6-ac32-4127-8026-ac321051b600,whole.red,available,11.49,23.49,high,low,5,namesilo,,,22/09/2026 00:29
76d641da-dd10-4ea6-8ff6-64db97268493,food.shoes,premium,20.9,20.9,high,medium,4,spaceship,,,03/10/2026 17:58
32269a6f-1a36-41e7-ba4e-7b31d314bd6a,tvs.ventures,available,5.38,47.81,high,low,3,spaceship,,,30/09/2026 00:49
b4bb9afa-96e5-4e1f-9ec2-d8efe5051f12,signs.holiday,available,64.99,64.99,high,low,5,namesilo,,,17/09/2026 04:39
6bc41812-18bd-4a7b-82f4-9fcca4cffd96,abilities.gratis,available,23.99,23.99,high,low,9,namesilo,,,17/09/2026 04:45
c6b83a84-8cae-445f-99f8-2d60bfed1809,forgiving.vin,available,8.99,59.99,high,low,9,namesilo,,,21/09/2026 14:52
3dad6483-d325-4a40-8886-34507ccbd020,maddie.style,available,6.93,31.25,high,low,6,spaceship,,,01/10/2026 11:42
95a2bb53-79e8-4c4e-88c3-f95c53515667,recognized.tax,available,14.99,67.49,high,low,10,namesilo,,,21/09/2026 15:28
8f5893e3-cba5-46cd-9144-cdbfc011ec0d,movie.auto,available,2070,2950,high,low,5,namecheap,,,04/10/2026 22:02
0c2fa513-5ffd-4569-8551-a74924751f26,willow.democrat,available,5.38,26.08,high,low,6,spaceship,,,30/09/2026 14:43
c4d8995f-fa72-4fce-99c8-ce8297f3db6e,where.meme,premium,812.5,,high,low,5,name.com,,,30/09/2026 22:56
6a868a32-9423-40d0-a76f-33ec3fe246df,inspires.boston,available,18.88,18.88,high,low,8,spaceship,,,02/10/2026 22:39
e7c7bb5b-6b64-4e89-bb54-c96e2846a673,epic.fast,premium,302.5,302.5,high,medium,4,namesilo,,,24/09/2026 14:28
fc78ac81-d359-4e69-a5cd-f154b141da3d,respected.wiki,available,2.99,32.49,high,low,9,namesilo,,,27/09/2026 12:38
d2550d80-001b-430a-a900-0de1cb30637f,barbecue.locker,available,5.68,31.25,high,low,8,spaceship,,,29/09/2026 01:06
f1dc64b3-e5b9-481f-9664-5da45950f1ed,lyrics.tickets,available,326.21,388.33,high,low,6,spaceship,,,03/10/2026 12:51
27f6826d-b5b6-4576-b871-6a2680394bcc,abiders.exchange,available,12.99,38.99,medium,low,7,namesilo,,,18/09/2026 03:55
3155795e-0440-42ba-aee5-e1b321c6b3ff,neuroscience.technology,premium,108.9,108.9,high,low,12,dynadot,,,30/09/2026 20:58
2a303849-bdb6-4f60-84fd-d780c021f41e,get.fit,resell,,,high,high,3,Epik LLC,22/06/2017 09:21,22/06/2027 09:21,03/10/2026 05:26
641f0efc-e75d-49c0-895f-b8e0f77fce9d,abide.security,available,1863.2,2000.18,high,low,5,spaceship,,,29/09/2026 04:34
a9627e18-605a-4da7-975d-6e561b05a2ac,rambo.republican,available,25.2,25.2,high,low,5,cloudflare,,,01/10/2026 23:13
8b78a8d5-2a0d-4a1f-9560-005c9784c2f8,outre.rehab,available,14.99,52.99,medium,low,5,name.com,,,10/08/2026 10:39
8d0c4672-fb8b-4949-965e-a523b5d0adcd,intro.immobilien,available,37.99,37.99,high,low,5,namesilo,,,30/09/2026 00:18
be444bd8-8dc1-4ce5-9f6f-0dd410984cc8,espn.actor,available,34.2,34.2,high,low,4,cloudflare,,,28/09/2026 08:02
1122169a-16d8-4f70-a3ef-d6fad3587e02,mac.cfd,premium,310.7,621.2,high,high,3,spaceship,,,30/09/2026 03:40
a04b60eb-714b-4be1-91e9-824a06aefb99,appreciate.autos,available,1.99,17.29,high,low,10,namesilo,,,27/09/2026 06:44
d16b470e-d76c-423a-9a51-b2cda94cf308,goal.ltda,premium,56.64,33.04,high,low,4,namesilo,,,29/09/2026 14:09
a14ba4a8-0ba5-47a4-96ef-fa91e12ffa2a,criterion.ceo,available,85.2,70.2,high,low,9,cloudflare,,,28/09/2026 00:29
41551b2a-231a-4d98-936b-528ffa62328b,same.tickets,available,326.21,388.33,high,low,4,spaceship,,,27/09/2026 17:53
887b7584-9c92-4ebe-b9af-aa0025155ad9,done.tattoo,available,34.99,34.99,high,low,4,namesilo,,,24/09/2026 11:39
04a89c72-fa1d-4648-8382-09a8b5d7838c,date.theater,available,10.92,53.72,high,low,4,dynadot,,,29/09/2026 13:13
9aac61c5-7a7c-4e53-8a5c-269d2c44cc53,sharp.salon,available,57.99,57.99,high,low,5,namesilo,,,21/09/2026 16:42
46ead26a-7e5d-48e9-a66b-0b2a245c09b8,video.gay,premium,2070.2,2070.2,high,medium,5,spaceship,,,03/10/2026 23:06
f99e94a0-9b19-4990-9eff-d446ecd911e7,option.bet,premium,85.8,85.8,high,low,6,namecheap,,,22/09/2026 02:42
53514cf3-c08b-4492-893f-de393b10f36b,bbc.makeup,premium,845,845,high,medium,3,namecheap,,,19/09/2026 05:43
c63de38f-da5c-44db-b3c6-edcf17a8ddc9,key.news,resell,,,high,medium,3,Dynadot Inc,27/12/2024 15:15,27/12/2026 15:15,26/09/2026 07:04
e8c1eece-1fe2-42be-b660-e1102d0df367,private.florist,available,32.99,32.99,high,medium,7,namesilo,,,04/10/2026 06:21
2409ae4a-9d99-4183-a834-1df8f6edf0a2,travel.hospital,premium,520,520,high,medium,6,namecheap,,,24/09/2026 22:30
b98d0bab-bc0d-4678-a6e5-977b105784eb,maidens.deals,available,40.98,51.98,high,low,7,namecheap,,,02/10/2026 03:57
b249cab6-0c31-48e2-ac5e-48ecbc172e50,kleenex.fish,available,36.43,36.43,high,low,7,spaceship,,,30/09/2026 01:39
e1a5e782-77c2-4e7b-826a-2850eec8550b,shakespeare.vana,available,2070.2,2070.2,high,low,11,spaceship,,,02/10/2026 08:48
fb8d1446-0a9d-4f42-a2c9-98d187960617,destinies.tennis,available,65.99,65.99,high,low,9,namesilo,,,20/09/2026 07:12
292e6507-34a9-434e-a9bf-6b43fed802f7,large.at,resell,,,high,low,5,Internet Service Fuchs KG ( https://nic.at/registrar/20 ),,,02/10/2026 12:39
8c68b5df-89c7-4f84-950d-8cfd07764076,thousand.bar,available,3.49,54.99,high,low,8,namesilo,,,21/09/2026 11:02
8d26ac35-1868-4566-a2df-18912b0aa74c,affable.ing,available,12.98,16.98,high,low,7,namecheap,,,21/09/2026 21:27
dbecef7b-4aab-4426-9b3a-9a2c0760ebfa,trio.reviews,available,62.99,62.99,high,low,4,namesilo,,,21/09/2026 13:05
ccf7e0be-d815-4333-b463-9cbb9b9b2289,front.republican,available,5.98,43.98,high,low,5,namecheap,,,24/09/2026 21:48
de291bbc-fb87-4e52-a6bc-3f49529a0771,two.how,premium,339.2,351.07,high,low,3,unstoppable,,,04/10/2026 18:17
f89fbd30-4677-4dbb-979d-a0213876a3b7,willow.schule,available,22.97,22.97,high,low,6,spaceship,,,30/09/2026 14:43
9b508cf8-0645-406f-9f34-1bd261849698,face.photo,premium,116,116,high,low,4,namesilo,,,24/09/2026 21:57
c739cc9d-38ef-4731-a7b2-78125dac7dfd,minor.express,available,9.98,49.98,high,low,5,namecheap,,,25/09/2026 20:28
a573e792-9622-4346-a35c-dc5a07b15a12,small.us,resell,,,high,low,5,"GoDaddy.com, LLC",09/07/2010 18:07,08/07/2027 23:59,03/10/2026 22:13
31e1c0dd-caa9-4b95-81f7-916aa3c99696,game.realty,premium,1107,1107,high,medium,4,namesilo,,,03/10/2026 22:05
b69ea31b-60eb-4077-924f-4609ba8a1946,nutritious.education,available,36.98,46.98,high,low,10,namecheap,,,19/09/2026 11:02
452bdbfc-ed05-4d55-b41e-aeb266eae8df,pinch.you,available,22.99,22.99,high,low,5,namesilo,,,28/09/2026 22:16
4be59a08-3c1b-4344-a0f8-a89c7c2fd444,spicy.immobilien,available,37.99,37.99,high,low,5,namesilo,,,24/09/2026 22:14
4d99622f-497b-4c10-9ad4-ec0d6a57809a,maidens.bond,available,2.59,19.49,high,low,7,namesilo,,,02/10/2026 03:57
74f199a3-7b1c-4a13-814a-5439a6a12ad6,movie.navy,available,41.99,41.99,high,low,5,namesilo,,,04/10/2026 22:02
f1377e66-03e3-46a3-8ce4-857b3f28bd84,loops.trade,premium,448,53.92,high,low,5,namesilo,,,17/09/2026 12:15
81aa024e-00b1-43ee-946a-ae08c7a99f27,feels.cleaning,available,60.23,60.23,high,low,5,spaceship,,,01/10/2026 09:54
6b7dd8fb-85e2-4ce7-8906-756a9b22a46e,artist.voto,available,10.92,58,high,low,6,dynadot,,,01/10/2026 20:15
549caccf-74f8-41ff-bf99-c5f0253a038a,barbeque.consulting,available,27.99,54.99,high,low,8,namesilo,,,29/09/2026 01:07
4f38f27e-75c7-47c9-95bf-54886e1f5a6f,cake.bayern,available,34.99,34.99,high,low,4,namesilo,,,04/10/2026 08:40
33e97259-0db7-4f6e-9249-cf39a652a0f1,spanish.homes,premium,2660,2660,high,low,7,namesilo,,,28/09/2026 00:05
22894961-3ef8-4ca0-90ee-4563f3c1f36f,quote.auto,available,2070,2950,high,low,5,namecheap,,,30/09/2026 00:19
d69bf170-8470-48ef-bbf3-1536a1595d1a,mom.loans,available,90.2,90.2,high,low,3,cloudflare,,,30/09/2026 03:39
f5040860-2d71-4e96-9f26-75ff3e7fa00e,awakening.shiksha,available,14.99,51.99,high,low,9,namesilo,,,28/09/2026 23:36
acb10bb1-a255-46c3-97bb-a8aca199b30c,destinations.talk,premium,71.4,71.4,high,low,12,namesilo,,,20/09/2026 11:44
f5744324-374c-48f1-8770-4da88311c72f,willow.loan,available,4.32,5.35,high,low,6,spaceship,,,30/09/2026 14:43
6627f14b-75ef-4392-b9c2-6374646efc87,cute.tires,available,5.99,78.99,high,low,4,namesilo,,,24/09/2026 03:46
3103e048-ab8d-4a48-a361-0e866dd68999,addictive.foundation,available,14.99,23.99,high,low,9,namesilo,,,21/09/2026 17:08
77d41bf5-a814-49ee-b12b-2d537a070898,extra.markets,available,5.98,26.98,high,low,5,namecheap,,,21/09/2026 17:12
b5604785-e1e9-43bb-ba04-1a3e6699abc0,time.airforce,available,83,83,high,medium,4,spaceship,,,01/10/2026 20:18
1870f229-1946-4be4-83d0-2c7ffe6a1944,beaches.my,premium,91.96,91.96,high,low,7,namesilo,,,20/09/2026 07:25
0d723ea7-6282-4a78-936f-0e43502ea6a1,hbo.blog,premium,1625,6500,high,medium,3,namecheap,,,02/10/2026 08:34
f1afba26-d09f-4740-a99b-8ea8b4c293f1,between.hamburg,available,69.98,73.98,high,low,7,namecheap,,,28/09/2026 11:25
441bfeb8-ea34-4f60-94af-27819e17869a,spanish.domains,resell,19.99,,high,low,7,name.com,,,28/09/2026 00:05
a2f011f7-2a68-472c-b95e-824c782e3a27,espn.lifestyle,premium,550,550,high,low,4,dynadot,,,28/09/2026 08:02
f33cbcb0-e354-446d-905a-1b9d06625a12,analyst.gratis,available,18.83,18.83,high,low,7,spaceship,,,02/10/2026 11:14
caa93527-6fb6-4e32-a15f-d1f64c0ef82a,empowering.report,available,10.99,24.99,high,low,10,namesilo,,,02/10/2026 01:02
c7684938-5b64-4556-b7ab-40e71211076c,enviable.international,available,9.48,40.48,high,low,8,namecheap,,,24/09/2026 14:16
f739e39b-dcda-4964-8107-8c5bf4f340ac,hit.ing,premium,1625,,high,high,3,name.com,,,26/09/2026 00:03
e8292fd0-947c-4b4b-9104-71ce81b8f853,chevrolet.immo,available,34.99,34.99,high,low,9,namesilo,,,01/10/2026 23:54
36243a50-dbe5-43b9-88ae-b89f02b70433,deejay.insure,available,58.16,58.16,high,low,6,spaceship,,,01/10/2026 18:26
4e024a29-f695-4ad9-bcc9-79836b71fd3c,crucial.army,available,18.99,39.99,high,low,7,namesilo,,,22/09/2026 00:39
6ae269b6-3abf-4a0e-af9d-2866615d2437,family.auto,available,2070,2950,high,medium,6,namecheap,,,25/09/2026 12:40
d5cf30f2-b81b-47e5-ba3c-08fd77659e24,half.cleaning,available,75.49,75.49,high,low,4,namesilo,,,24/09/2026 23:16
16690c8f-39bd-4422-95b9-60c6ef96c893,cindy.menu,available,27.99,27.99,high,low,5,namesilo,,,02/10/2026 13:16
3331ad8e-8299-448e-8407-7727578b1cf4,camera.accountant,available,23.59,23.59,high,low,6,namesilo,,,29/09/2026 06:00
a5829fea-124e-4220-ace8-6e5cf4e646b5,stand.exposed,available,22.49,22.49,high,low,5,namesilo,,,29/09/2026 00:58
e83b3aa4-cec0-4801-afa5-2f2442c2418b,between.reisen,available,16.76,16.76,high,low,7,spaceship,,,28/09/2026 11:25
85cd0213-9265-475f-8a5e-fd5730338ed3,broad.democrat,available,25.2,25.2,medium,low,5,cloudflare,,,03/10/2026 07:02
5cd17b06-0358-4f00-a2be-8117924ff2a6,committed.lease,available,56.99,56.99,high,low,9,namesilo,,,23/09/2026 15:46
d1cb46c8-a03b-4e76-a943-a84d2937c5e8,startup.xxx,premium,,,high,medium,8,,,,04/10/2026 10:49
c3783710-006d-4525-accf-af84a8e6f5f4,balsamic.gmbh,available,45.99,45.99,high,low,8,namesilo,,,22/09/2026 16:34
cfd8fa65-08c8-4e2b-8299-99c30bf5b234,agreed.tips,available,15.99,30.99,high,low,6,namesilo,,,21/09/2026 23:21
da9c763c-fbb0-4206-8795-a6824a892904,forgiving.shiksha,available,14.99,51.99,high,low,9,namesilo,,,21/09/2026 14:52
b1b6460d-dd47-42aa-8ee8-3463f1adc69d,government.surgery,available,54.99,54.99,high,low,10,namesilo,,,24/09/2026 22:50
1e359c4c-a440-47d2-a00e-f158d20f7835,lover.photos,premium,23.6,23.6,high,low,5,namesilo,,,23/09/2026 10:15
5e69824b-5524-47e9-b083-2ea5034f4c94,get.me,resell,,,high,high,3,"GoDaddy.com, LLC",29/04/2008 18:00,29/04/2027 18:00,03/10/2026 05:26
a6a97eb9-9955-4d3f-bf57-c87e43bd5e25,investor.food,available,30.2,30.2,high,medium,8,cloudflare,,,04/10/2026 22:21
1dd50e16-3962-4434-9665-9b9e9ad71098,week.voto,available,10.81,56.13,high,low,4,porkbun,,,29/09/2026 05:49
4b5a644c-b329-49c0-9501-8f326a90b596,mcmuffin.faith,premium,362.45,51.95,high,low,8,spaceship,,,02/10/2026 06:39
59deb93b-34f1-4f82-8eaa-767aff141e9a,check.ong,premium,65,32.5,high,medium,5,namecheap,,,04/09/2026 07:44
3df13da4-7c1a-485e-91bb-df735fed1d87,quote.rentals,available,34.2,34.2,high,low,5,cloudflare,,,30/09/2026 00:19
714e4a41-270d-4bf7-b107-97a2a401a394,lover.jetzt,available,24.48,30.48,high,low,5,namecheap,,,23/09/2026 10:15
bc3ac47c-e38b-4816-8131-b3bfd989ebf3,appreciation.domains,available,42.99,42.99,high,low,12,namesilo,,,04/10/2026 11:55
c6fc67bf-bcf6-4499-8e7a-f66b17be699c,inspirational.careers,available,34.99,71.99,high,low,13,namesilo,,,01/10/2026 23:48
0c4d939e-827b-407c-98c6-8fd7f43e830d,place.partners,premium,118.8,118.8,high,low,5,namesilo,,,24/09/2026 23:57
37a0a945-de21-46be-890a-c601cf8c6048,single.legal,available,71.99,71.99,high,low,6,namesilo,,,21/09/2026 10:43
16cf9005-7d39-4373-b75f-a50e75bde2fb,affable.theatre,available,538.98,620,high,low,7,namecheap,,,21/09/2026 21:27
65f4ff8d-661d-4012-bef0-a21f8d7d283e,have.press,premium,162.5,325,high,low,4,namecheap,,,26/09/2026 03:37
e78fa440-ced0-436a-8909-cfa9a70b3dd2,lunch.degree,available,52.99,52.99,high,low,5,namesilo,,,29/09/2026 13:42
bbaa425d-2801-4bc6-983e-89cd8e34775e,playground.institute,available,9.99,27.49,high,medium,10,namesilo,,,28/09/2026 02:56
59c93bf0-f085-4484-95b2-63d70914a747,sushi.plumbing,available,72.99,72.99,high,low,5,namesilo,,,30/09/2026 12:37
e55e17aa-ba77-4f77-a1b6-d9ab184f882c,pixar.llc,available,33.2,33.2,high,low,5,cloudflare,,,03/10/2026 14:31
94f7fd72-5c6c-4665-ba1e-00237ecbce97,born.fishing,premium,47.2,29.5,high,low,4,namesilo,,,23/09/2026 00:37
4734b88e-b248-4fdd-9c3b-9907f97a81a7,deep.today,resell,,,high,medium,4,Squarespace Domains II LLC,05/07/2021 08:20,05/07/2027 08:20,26/09/2026 05:28
00b0c63e-0839-4b6c-99e3-46284797d7f5,vivian.bingo,available,42.64,42.64,high,low,6,spaceship,,,28/09/2026 03:58
10adb9b8-258b-4650-8b00-87fb10f0112c,einstein.desi,available,19.98,22.98,high,low,8,namecheap,,,28/09/2026 20:04
cbfa8a0c-8d07-4b7b-9b19-6dc7bd42f72d,stars.fashion,premium,104,32.5,high,low,5,namecheap,,,02/10/2026 09:21
14c4fd66-7fac-4c51-81f2-2485de9e7208,genial.sarl,available,6.99,6.99,high,low,6,namesilo,,,21/09/2026 21:42
c4ef324a-3117-4765-86e3-13b4cb918422,fourteen.press,available,4.99,86.99,high,low,8,namesilo,,,21/09/2026 11:38
e0eb9d1a-22d6-4b83-a313-c4ef126ade5f,unicorns.sucks,available,205.46,213.14,high,low,8,porkbun,,,04/10/2026 13:24
5003aeda-85aa-48d0-ba49-8dd14b53210e,awe.info,resell,,,high,low,3,"GoDaddy.com, LLC",25/11/2022 15:15,25/11/2026 15:15,28/09/2026 23:47
25d947f8-2176-4779-a10c-08489ce834b4,design.today,resell,,,high,medium,6,Dynadot Inc,01/07/2015 16:00,01/07/2027 16:00,02/10/2026 13:14
cebce943-fde1-44e9-9470-ccbaffadb767,analyst.glass,available,58.16,58.16,high,low,7,spaceship,,,02/10/2026 11:14
801ffc6c-72d8-4c39-a185-5b87aa23a6e7,embrace.repair,available,5.98,47.48,high,low,7,namecheap,,,29/09/2026 17:59
edf86a45-1da3-4d17-a5ab-22d3210cd141,lovingly.pics,available,1.8,40.98,high,low,8,namecheap,,,14/09/2026 19:14
68734401-0e16-40f2-8176-f96322fd0f69,achievable.gold,available,9.99,99.99,high,low,10,namesilo,,,21/09/2026 15:42
2bc79235-b7f1-40a3-bcb9-bc8a225863de,halloween.church,available,13.5,,high,low,9,unstoppable,,,28/09/2026 20:33
5458f7c1-df78-4971-8eb1-dc97621f1d8c,intro.actor,available,16.99,44.49,high,low,5,namesilo,,,30/09/2026 00:18
7697b048-adcb-4656-89cf-3985ec795b44,else.supplies,available,25.48,32.48,high,low,4,namecheap,,,30/09/2026 23:12
4eb73f03-5586-4d64-9a05-d591d856618a,agreed.yachts,available,1.99,17.29,high,low,6,namesilo,,,21/09/2026 23:21
a2e3ad54-866d-43c1-8c7c-f82764228256,trillionaire.contact,available,11.99,11.99,high,low,12,dynadot,,,01/10/2026 22:35
7d86d020-1012-4d81-970c-efa58e4f7a8a,supermarkets.men,available,5.25,6.25,medium,low,12,namesilo,,,02/10/2026 03:57
dd117ea5-8fbb-4d8b-bfdc-954e52e48815,used.attorney,available,62.99,62.99,high,low,4,namesilo,,,25/09/2026 07:44
7079717a-1b85-4a55-b862-f3c9a21454f3,coming.glass,available,60.14,60.14,high,low,6,dynadot,,,03/10/2026 02:33
d1c0d3bf-3070-4ab4-bb65-6946124fd93f,blowout.mobile,premium,330,330,high,low,7,dynadot,,,27/09/2026 16:59
b778a0b2-396d-4579-b844-2619c4c3fbc9,completely.fashion,available,32.49,32.49,high,low,10,namesilo,,,22/09/2026 00:16
e1facfb1-3ac9-4071-ba4b-d366e3108337,singer.recipes,available,8.99,77.99,high,low,6,namesilo,,,25/09/2026 23:13
ea77aea1-5557-482c-98bd-37e37ca33b01,elly.industries,available,45.99,45.99,high,low,4,namesilo,,,03/10/2026 09:33
cda4e651-cad9-47c3-93f8-26021dcdd7b5,capcom.esq,available,20.84,20.84,high,low,6,spaceship,,,04/10/2026 15:26
2fe758b1-ddf8-4575-8f68-12456a3c6f8c,absolutely.wiki,available,2.99,32.49,high,low,10,namesilo,,,28/09/2026 11:36
4ab271d9-b794-4197-b8f7-1d0f5ba59d81,sixteen.moe,available,13.99,13.99,high,low,7,namesilo,,,21/09/2026 11:48
6ce2fe5d-5997-4c20-901e-02add95a81e7,sixteen.industries,available,45.99,45.99,high,low,7,namesilo,,,21/09/2026 11:48
a87aca02-066f-4985-a458-7f18462aa9e7,coding.games,premium,103.7,207.2,high,low,6,spaceship,,,03/10/2026 15:36
ff46452c-a826-4d2f-a765-31210122adf0,any.forsale,premium,71.4,71.4,high,medium,3,namesilo,,,22/09/2026 07:02
febfc2e2-fcc2-4334-91e5-b09465f60aa4,einstein.mobile,premium,310.7,310.7,high,low,8,spaceship,,,28/09/2026 20:04
ee8c78ae-3ee8-4b56-aedf-649f7587ddcc,large.talk,premium,153.6,153.6,high,low,5,namesilo,,,02/10/2026 12:39
06e72fdb-9d8c-403d-9ce9-e29b22c79296,teamwork.lease,available,43.2,43.2,high,low,8,cloudflare,,,30/09/2026 12:52
55279ded-6011-4284-8a8f-c90340e98f71,harmony.jetzt,available,23.99,23.99,high,medium,7,namesilo,,,29/09/2026 10:31
4885c2a8-79f7-4c73-b67a-b632635fff7e,responsive.biz,premium,53.92,21.24,high,low,10,namesilo,,,22/09/2026 06:49
4d9304f0-4dd3-4fba-a752-116d53720fc1,king.moi,available,25.99,25.99,high,medium,4,namesilo,,,28/09/2026 23:59
2afe522f-121d-4865-9e83-e99fa6551a12,furnishings.prof,available,25.98,29.38,high,low,11,namecheap,,,16/09/2026 18:36
386a10cb-ac04-412a-8474-1cc0696d6b42,amiable.email,available,4.98,40.98,high,low,7,namecheap,,,21/09/2026 21:32
202ef7bc-c160-44d4-b4db-ac49d181d352,vegetable.nexus,premium,76.7,76.7,high,low,9,namecheap,,,30/09/2026 14:21
72d4ef9d-354f-43a6-b687-debfdb755759,unequaled.dental,available,78.99,78.99,high,low,9,namesilo,,,12/09/2026 09:09
6be5bdc8-0ad0-43e2-912c-4a4533ee14d6,quick.la,resell,,,high,medium,5,.LA Founders Premium Program,12/03/2016 04:14,12/03/2027 23:59,26/09/2026 08:27
be045598-dac5-4b29-bfdf-8fc41490be25,skype.surf,available,25.2,25.2,high,medium,5,cloudflare,,,02/10/2026 13:53
e74bf3f9-5c94-4999-bdea-9a2feb593e2c,camera.band,available,20.99,31.49,high,low,6,namesilo,,,29/09/2026 06:00
54b880be-d698-42d0-a505-0b3757ea74ec,realizable.london,available,31.99,31.99,high,low,10,namesilo,,,21/09/2026 15:51
6e3887d6-ff79-4d95-a480-d80185438df8,investing.tattoo,available,2,32.32,high,low,9,dynadot,,,03/10/2026 22:45
4826aa5f-29ab-479f-a6c0-f582c422d787,sony.phd,available,25.98,29.98,high,medium,4,namecheap,,,02/10/2026 08:46
88432fe6-0aa6-4b95-b6ec-8fe23ce8df98,belt.kiwi,available,31.98,35.68,high,low,4,namecheap,,,28/09/2026 13:21
7d752575-36ed-46b8-b0ca-5229ab108959,outre.careers,available,28.98,89.98,medium,low,5,namecheap,,,10/08/2026 10:39
f845d8ef-d22b-4810-8fd0-9857f44e11f6,rambo.locker,available,6.88,37.99,high,low,5,namesilo,,,01/10/2026 23:13
e8b80962-7a76-4923-add7-f688caa32131,short.free,premium,640,640,high,medium,5,namesilo,,,24/09/2026 04:44
83b7783d-2d5d-41b1-bbd3-17cb31842fe5,things.kim,available,12.99,23.49,high,low,6,namesilo,,,04/10/2026 06:35
13c787de-7473-45bb-b3a0-5b9638eb64f9,friendship.blackfriday,available,103.7,103.7,high,low,10,spaceship,,,29/09/2026 19:59
052f2f30-6f2f-433e-9920-4281f2441bee,clue.doctor,available,14.49,116.99,high,low,4,namesilo,,,29/09/2026 10:03
d925cb99-ad39-4f32-86c6-0dd2cb3860cd,apples.theatre,available,509.99,529.99,high,low,6,namesilo,,,18/09/2026 14:01
75a2ca1f-893d-4a1f-be7e-38968bc40cb4,original.reisen,available,3.99,20.99,high,low,8,namesilo,,,26/09/2026 00:32
c91165d8-d102-4c4f-8b11-a63b4ed89f0d,movie.toys,available,14.98,82.48,high,low,5,namecheap,,,04/10/2026 22:02
159ba926-55a7-4e4e-afd7-90799cc21723,cute.onl,premium,53.92,116,high,low,4,namesilo,,,24/09/2026 03:46
27c5b810-5da0-42f8-8e2e-ce7a9efcfb8f,playstation.diet,available,93.35,103.4,high,high,11,spaceship,,,01/10/2026 19:06
7071b533-c071-4b63-b855-e776c90c22ab,orchestra.ong,available,18.98,24.98,high,low,9,namecheap,,,30/09/2026 06:11
6dd42b82-885a-4e25-8ff9-032dc7513617,awakening.beer,available,25.2,25.2,high,low,9,cloudflare,,,28/09/2026 23:36
939e3eff-9ba1-481b-b69c-d11db04edc73,delights.style,available,16.99,38.99,high,low,8,namesilo,,,04/10/2026 08:40
3b158d18-72ec-4c8f-8e7c-fb2244701ea6,very.store,premium,1107,1107,high,low,4,namesilo,,,27/09/2026 09:52
e6406434-e2ff-48bb-b141-7983735b570f,abilities.tickets,available,359.99,488.88,high,low,9,namesilo,,,17/09/2026 04:45
74eecbf4-2592-4abb-9974-3fe54c177d9f,need.jetzt,available,24.48,30.48,high,low,4,namecheap,,,25/09/2026 21:55
f5348eab-3821-4bf6-aba3-147076064acc,boston.rest,premium,576,576,high,low,6,namesilo,,,29/09/2026 01:41
d39b85d1-cc29-4e9a-8f61-431c159d79cc,delights.ninja,available,15.99,30.99,high,low,8,namesilo,,,04/10/2026 08:40
f6f0a8b1-6366-4d78-8656-6c31e482136b,thing.gmbh,available,35.2,35.2,high,low,5,cloudflare,,,28/09/2026 19:13
611827a2-c023-4dcc-b16b-84d7a46b68e8,tablets.guitars,available,104.99,114.99,high,low,7,namesilo,,,18/09/2026 15:46
abc643a4-774a-47f1-b861-94fa0f63ffe1,colors.mov,premium,623.75,,high,low,6,name.com,,,29/09/2026 10:19
bdec877a-db7e-4929-8cf6-4c51fa41a23f,designs.hosting,premium,1729,1729,high,low,7,namesilo,,,30/09/2026 20:49
0560afa4-7919-4a68-bffe-e4e268624ba6,between.camp,available,6.69,49.95,high,low,7,porkbun,,,28/09/2026 11:25
70d4da08-040d-4a4d-80d5-5fb8caf722d5,panoramic.fashion,available,33.98,45.98,high,low,9,namecheap,,,22/09/2026 21:06
7677ce09-a8ff-4184-88e9-752237bdca62,delights.technology,available,22.2,22.2,high,low,8,cloudflare,,,04/10/2026 08:40
984e68c6-58f0-44ce-99bd-b37f20734a53,designs.science,premium,640,77.35,high,low,7,namesilo,,,30/09/2026 20:49
359e6e06-f9ba-4f1b-8581-a8f0fb928dce,ruben.dealer,premium,1604.45,2070.2,high,low,5,spaceship,,,29/09/2026 00:07
1c83d0da-1d85-4476-b571-c4d697d86a51,paint.vodka,available,26.08,26.08,high,low,5,spaceship,,,30/09/2026 06:21
a9d63e41-7c4c-487a-aed0-07748bc5c15b,million.bike,available,5.98,48.98,high,low,7,namecheap,,,25/09/2026 20:09
d0923e78-d35a-439e-abdf-dcc26288b6b9,tonic.gay,available,38.99,38.99,high,low,5,namesilo,,,19/09/2026 16:01
d6174197-44b3-4e15-87f6-90ddd41cff29,satisfies.cars,available,1999.99,2199,medium,low,9,namesilo,,,20/09/2026 14:54
0335fbf7-1763-4be3-810a-4650c61bb184,small.surf,available,1.98,43.98,high,low,5,namecheap,,,03/10/2026 22:13
ca7f7850-d522-48fe-be0f-0355cff2a701,addictive.immobilien,available,39.98,43.98,high,low,9,namecheap,,,21/09/2026 17:08
a8e17090-eaf6-4367-a4ef-023891991166,espn.land,available,5.38,33.32,high,low,4,spaceship,,,28/09/2026 08:02
d5f1c4ca-e145-44e3-97a3-c3922f1c4bd0,quick.mov,premium,648.7,648.7,high,medium,5,namecheap,,,21/09/2026 23:09
8ccd6e34-33ce-4103-b0b4-3555cf85a7d9,hearts.mobile,premium,310.7,310.7,high,low,6,spaceship,,,29/09/2026 22:26
5cfb7833-9170-41d1-9132-4448e65cb325,proud.lease,available,56.99,56.99,high,low,5,namesilo,,,27/09/2026 07:46
0df4a275-c7cc-4daf-b381-50a33f9f6e7d,wise.website,premium,1107,1107,high,high,4,namesilo,,,24/09/2026 23:31
5d4f3eb4-e724-4d86-a34f-764c020a80c8,support.day,premium,648.7,648.7,high,medium,7,namecheap,,,08/09/2026 07:15
b66cfb6b-5b94-414d-a1d6-5ecfaddbea92,buttercups.bond,available,2,25.98,medium,low,10,namecheap,,,20/09/2026 19:49
48690d4d-2184-4d69-a8a2-0cea0cab09c9,hundred.fans,premium,53.92,53.92,high,low,7,namesilo,,,21/09/2026 11:00
a7ba3f0e-dd95-4d46-90c6-14bca3324776,god.forum,premium,103.7,103.7,high,medium,3,spaceship,,,29/09/2026 13:42
d5ddcf60-4790-4288-abe6-fafe712b0553,amor.college,available,17.99,59.99,high,low,4,namesilo,,,18/09/2026 22:37
3d41d814-ec7d-44bb-a80c-05bab81f34d9,heroic.cx,available,18.99,18.99,high,low,6,namesilo,,,24/09/2026 14:31
fc5cdf5e-b8e1-4fef-a5d4-2be223b062d3,friendly.limited,available,29.18,29.18,high,low,8,spaceship,,,03/10/2026 11:33
4d60206f-9d4f-4bfe-8cd9-a10ad20135a8,half.shiksha,available,14.99,51.99,high,low,4,namesilo,,,24/09/2026 23:16
05f6c190-bce2-47f3-9312-55d682d1f64c,dessert.travel,available,115.2,115.2,high,low,7,cloudflare,,,03/10/2026 15:44
32ae7b4c-bc42-4c61-8018-ff155b752017,present.casa,premium,44,10.92,high,low,7,dynadot,,,01/10/2026 20:06
b6da6292-d7c1-40a2-8c72-7763faa38afd,faith.inc,premium,1604.45,2070.2,high,low,5,spaceship,,,29/09/2026 18:54
91852f86-f8de-4082-bedd-96c9f102acaf,minor.garden,available,1.98,43.98,high,low,5,namecheap,,,25/09/2026 20:28
839f8c01-603c-4ac5-bb65-b7c639360620,see.vision,premium,242,242,high,medium,3,namesilo,,,24/09/2026 16:46
408edb74-277b-430b-955c-4d31c77734bf,payment.voyage,available,46.78,46.78,high,medium,7,spaceship,,,02/10/2026 19:44
4166abd7-2a49-40aa-8069-5f8dfc17a2d4,hats.tienda,available,59.99,59.99,high,low,4,namesilo,,,18/09/2026 07:32
5a54ced2-0ffe-409d-b96a-79bae6015358,from.mba,available,11.98,49.98,high,low,4,namecheap,,,08/09/2026 08:57
f1c5cbac-93be-4ec8-a3c6-2a40f0c37dd4,baby.college,premium,640,640,high,low,4,namesilo,,,29/09/2026 00:03
9e40a491-6881-4dd3-b079-efc4b5653936,lucy.soccer,available,20.9,20.9,high,low,4,spaceship,,,30/09/2026 03:32
deb7ff19-779d-4f62-a799-21f5d096c672,retro.wine,available,8.48,75.98,high,medium,5,namecheap,,,24/09/2026 15:44
46fe4362-96f2-4d8f-ab98-5073b5fb8cc2,conduction.cyou,available,1.99,19.49,high,low,10,namesilo,,,29/09/2026 10:47
102413fa-4079-485b-988f-fcdfc748f1ef,appreciation.forex,available,11.98,133.98,high,low,12,namecheap,,,04/10/2026 11:55
66b4e485-99b5-4bf5-b986-2fc306089c5a,teamwork.legal,available,71.99,71.99,high,low,8,namesilo,,,30/09/2026 12:52
bb9cafcf-3040-4e4f-8621-7a29ae7857a7,sweets.productions,available,8.24,33.39,high,low,6,dynadot,,,01/10/2026 15:28
4d949861-b2fa-4fcd-8485-6f7a3c202345,innovative.taxi,available,48.2,48.2,high,low,10,cloudflare,,,02/10/2026 23:26
2e55120f-d23d-4053-9905-90aa0a737e3f,hats.fun,premium,781.25,3125,high,low,4,name.com,,,18/09/2026 07:32
18f1d25a-4e6a-4500-9b5b-554fa6ef749b,uml.moda,available,32.2,32.2,high,low,3,cloudflare,,,02/10/2026 13:27
d44924f2-5b24-4b27-83e2-3fcbf3fe5416,yard.lease,available,56.99,56.99,high,low,4,namesilo,,,21/09/2026 11:13
7dc63075-b584-48e9-9f0f-bc027a48d73d,nature.bargains,available,14.98,37.98,high,low,6,namecheap,,,08/09/2026 02:43
80437cdf-7836-4538-81c4-28ea06848f1c,won.domains,available,42.99,42.99,high,low,3,namesilo,,,28/09/2026 10:43
07b000d2-370a-4ead-a9fa-a9a21b89520c,won.villas,available,46.2,46.2,high,low,3,cloudflare,,,28/09/2026 10:43
2132aa62-ce80-4be0-af02-56c3b8c674aa,sunglass.porn,available,69.98,154.98,high,low,8,namecheap,,,30/09/2026 12:22
70a2a120-84ff-43be-a58b-b96167b4b911,beaches.kids,available,6.79,19.99,high,low,7,namesilo,,,20/09/2026 07:25
ec76ac78-b804-4444-ac25-46d9c8e7c307,criterion.domains,available,34.36,34.36,high,low,9,spaceship,,,28/09/2026 00:29
723110ef-eb32-47c7-b279-78a619ad7165,adidas.juegos,available,368.98,478.98,high,low,6,namecheap,,,02/10/2026 13:22
164f089b-3fe0-4e3f-bc85-61db448c2dbe,virtuoso.promo,available,14.49,24.99,high,low,8,namesilo,,,21/09/2026 17:38
47225e98-0665-43f6-bc81-606aa8e72417,luck.town,resell,,,high,low,4,"Sav.com, LLC",23/01/2026 17:00,23/01/2027 17:00,29/09/2026 09:20
d580bda4-4947-473b-9628-d687d81955fa,deep.llc,premium,1107,1107,high,medium,4,namesilo,,,21/09/2026 15:15
a61e410f-c2e4-47c2-bf8e-79a910feff9b,butterflies.free,available,38.99,38.99,high,low,11,namesilo,,,16/09/2026 12:02
37cf2752-3377-4bfc-949c-981c0ff257a3,barbecue.vodka,premium,207.2,26.08,high,low,8,spaceship,,,29/09/2026 01:06
e71c3a44-c858-44e1-8055-42393064dcc2,best.gratis,premium,520,520,high,medium,4,namecheap,,,22/09/2026 19:49
c7867553-cf13-4848-992e-b778cae70e3c,binary.vin,available,6.41,47.81,high,low,6,spaceship,,,03/10/2026 18:10
662b2026-b065-44a6-85f4-37c41590f0fc,fashionable.photo,available,26.08,26.08,high,low,11,spaceship,,,28/09/2026 15:41
9e3bfdd1-4ea2-4845-8b68-054cb7b07752,accurately.auction,available,36.99,36.99,high,low,10,namesilo,,,28/09/2026 11:42
2618f49c-a15a-4ea0-a2cd-74efad4589fd,feeling.degree,available,41.6,41.6,high,low,7,spaceship,,,29/09/2026 19:08
e81ca45c-b151-495e-a280-6ffe954ce18f,awake.press,premium,6900,6900,high,low,5,namesilo,,,22/09/2026 14:37
f597a2fd-6f1e-4606-82ce-eaf728e0b97a,caring.tires,available,5.99,78.99,high,low,6,namesilo,,,23/09/2026 13:03
30166c0e-4c1a-41e0-bd63-493c6aebfab0,person.security,available,1999.99,2049.99,high,low,6,namesilo,,,25/09/2026 09:11
4b73068b-1787-4666-bd9b-7ad52cfc90bd,friendly.construction,available,40.98,50.98,high,low,8,namecheap,,,03/10/2026 11:33
706c1f00-0f20-4df6-adaa-20af2d4a5962,active.tires,available,70.2,70.2,high,low,6,cloudflare,,,02/10/2026 12:07
b4810d41-2e82-4943-81f8-79f407cc85f0,hearts.schule,available,22.97,22.97,high,low,6,spaceship,,,29/09/2026 22:26
6a30f8a4-f58f-430f-b73f-70a3df6d1b6b,grow.mba,available,11.98,49.98,high,medium,4,namecheap,,,25/09/2026 18:10
61d5b59e-3077-406f-9582-df9fd703f2d3,supermarkets.flowers,available,93.35,103.4,high,low,12,spaceship,,,02/10/2026 03:57
f7263176-1516-4ae7-ada2-32039480a5de,without.band,available,15.73,25.04,high,low,7,spaceship,,,30/09/2026 23:19
bd815562-c644-49e3-bdb5-8ff19fb7134b,rhiannon.vc,available,32.98,41.98,high,low,8,namecheap,,,02/10/2026 14:10
d0187d5c-a3e5-43de-ae71-4475d48667e3,decade.boston,available,24.98,30.98,high,low,6,namecheap,,,21/09/2026 10:56
8f834ae0-ef9b-4d6c-958b-af90cb63ad24,feeling.kim,available,12,,high,low,7,unstoppable,,,29/09/2026 19:08
32946c0f-bcc9-4fd7-b4e6-11cd56fb5cad,lol.pics,resell,,,high,low,3,Dynadot Inc,31/08/2026 16:12,31/08/2027 23:59,30/09/2026 21:37
ae623b1e-0c9c-4458-867d-f42d1a5aa207,icons.blackfriday,available,103.7,103.7,high,low,5,spaceship,,,03/10/2026 23:48
82313195-b9a5-4b1d-91dd-6de268a31b85,agreeable.band,available,20.99,31.49,high,low,9,namesilo,,,21/09/2026 23:17
aaa2f92f-858c-4396-ab9a-f0be9a4e0bc9,cake.rodeo,available,10.58,10.58,high,low,4,spaceship,,,04/10/2026 08:40
94dd2332-a610-4e8f-92a5-1110bd599518,front.zip,premium,311.25,311.25,high,low,5,name.com,,,24/09/2026 21:48
49c52041-1ea8-41ff-a8bd-3884f291c1e7,sunhat.tienda,available,59.99,59.99,high,low,6,namesilo,,,30/09/2026 12:15
d08ab1f0-d50d-4480-832d-77fd3e160913,glad.partners,available,10.48,88.98,high,low,4,namecheap,,,22/09/2026 18:28
d06ff73d-ccba-44bf-8853-e26311d249c7,gems.immobilien,available,37.99,37.99,high,low,4,namesilo,,,19/09/2026 19:45
d586df7b-7d88-45e9-b497-d0f183e960bf,crucial.coupons,available,5.99,54.99,high,low,7,namesilo,,,22/09/2026 00:39
8e34810a-02cd-4a78-87f3-485bbb190a57,rose.technology,resell,,,high,medium,4,"Sav.com, LLC - 23",19/08/2025 15:15,19/08/2027 15:15,27/09/2026 16:23
68ba0cb7-13ee-4076-8a78-c7877bfcd5ea,chocoholic.store,available,5.19,58.99,high,high,10,namesilo,,,03/10/2026 02:21
298897f9-6cc2-4b34-816c-db161e263469,minor.team,available,2.98,46.48,high,low,5,namecheap,,,25/09/2026 20:28
2a814364-ecb0-4da0-b90a-4a0340d52a90,accepted.health,available,77.99,77.99,high,low,8,namesilo,,,21/09/2026 15:25
ffecdfc6-34ea-4f14-9e7e-0b5fbaea51eb,work.hot,premium,1035.2,1035.2,high,medium,4,spaceship,,,27/09/2026 23:50
7284f35b-241a-4d17-ac5a-5a375e38c6c3,harmony.group,resell,,,high,medium,7,Alibaba Cloud Computing Ltd. d/b/a HiChina (www.net.cn),23/08/2018 23:24,23/08/2028 23:24,29/09/2026 10:31
e9617c55-839d-4b63-bd91-cc1e6f896087,pinch.black,available,26.5,,high,low,5,unstoppable,,,28/09/2026 22:16
f93c82d6-ec95-4a9e-af85-34991d4ec39d,embrace.camp,available,49.88,49.88,high,low,7,spaceship,,,29/09/2026 17:59
cb81de00-fcbe-4f01-8aef-bf744c800490,conduction.network,available,7.99,34.99,high,low,10,namesilo,,,29/09/2026 10:47
1c9b5c62-5f3c-42b9-88ca-a0da5dd20371,icon.equipment,available,10.92,23.76,high,medium,4,dynadot,,,29/09/2026 23:28
cb81b2d7-8ad6-439f-ba19-d469dd27e0be,inspirational.cooking,available,26.08,26.08,high,low,13,spaceship,,,01/10/2026 23:48
0ea0b521-48ba-4d9f-88c0-2a43d238b2bc,adidas.institute,available,21.2,21.2,high,low,6,cloudflare,,,02/10/2026 13:22
202867e4-36b5-4a4f-950a-659f415755cc,front.gg,resell,,,high,low,5,Enrapture Limited (https://enrapture.gg),,,26/09/2026 06:16
452b1ba3-d901-44f1-baf3-2e117c6c9df8,instant.democrat,available,7.25,32.99,high,medium,7,namesilo,,,24/09/2026 02:22
14bcac25-b56c-43fe-b4b2-8aed8b8450ca,sony.vegas,available,18.99,43.99,high,medium,4,namesilo,,,02/10/2026 08:46
27b744e9-fbb9-468c-af05-75eeb2db018e,awakening.fit,available,1.75,26.08,high,low,9,spaceship,,,28/09/2026 23:36
e40d8c98-8b4c-4d84-bb14-8bf42fdbb43c,icon.cam,premium,414.2,14.69,high,medium,4,spaceship,,,29/09/2026 23:28
8feaf2e8-285a-4f50-a987-2fd7f5d21194,modem.institute,available,9.99,27.49,high,low,5,namesilo,,,30/09/2026 04:48
fb2094c5-619a-44db-83c3-34e57864acb0,athletic.bet,premium,650,650,high,low,8,namecheap,,,21/09/2026 16:12
ce4a770b-52e0-4ff8-a120-724344bf391f,superhero.viajes,available,43.98,57.98,high,low,9,namecheap,,,16/09/2026 20:24
7d669987-a057-4f7b-9d49-fa7308a4f414,side.clothing,available,26.08,26.08,high,low,4,spaceship,,,27/09/2026 21:50
59f20ff8-d4b2-443c-8112-f19cc778dac3,thinking.voting,available,978.6,978.6,high,low,8,dynadot,,,28/09/2026 02:31
9228db99-0de5-4df8-aec5-24dce508b919,shakira.srl,available,31.99,31.99,high,low,7,namesilo,,,02/10/2026 14:33
4eeb3311-7195-4a51-8db8-60878f6befed,above.gold,available,7.98,130.98,high,low,5,namecheap,,,21/09/2026 14:29
cdd177ca-a0e6-4a0e-aa20-26d7e63d28f3,nickelodeon.discount,available,23.2,23.2,high,low,11,cloudflare,,,01/10/2026 22:22
613b5d7f-5d69-4c0f-9a4d-84762de1405e,stars.organic,available,17,,high,low,5,unstoppable,,,02/10/2026 09:21
518d5784-6459-4fea-a1d4-9496246f1243,maeve.art,premium,131.2,83.3,high,low,5,namesilo,,,04/10/2026 16:30
aaa2e6e0-bda8-4653-8ab9-84748f9bab24,someone.ngo,available,18.98,24.98,high,low,7,namecheap,,,25/09/2026 09:13
825314e1-8929-4b5b-a2aa-a01f16372a15,television.dog,available,50.2,50.2,high,low,10,cloudflare,,,04/10/2026 00:47
cf5f0a25-9960-42f4-a133-16c800fe2872,capable.cash,available,4.98,50.98,high,low,7,namecheap,,,21/09/2026 18:33
cb30caf1-ccd9-4df0-ab7f-a1db79d32a7b,feeling.services,available,13.5,,high,low,7,unstoppable,,,29/09/2026 19:08
7a5368cb-f6a3-45ce-b3cb-da9783b21d52,excel.holiday,available,5.57,53.72,high,low,5,dynadot,,,30/09/2026 19:22
c9b2144f-8b0c-4073-80c6-2b3525d11096,antique.fan,premium,123.75,123.75,high,low,7,name.com,,,21/09/2026 22:23
8dc7e915-46ce-46d3-a7af-9803966fcb5d,nineteen.cleaning,available,75.49,75.49,high,low,8,namesilo,,,21/09/2026 12:05
2d7dca01-635a-49dd-b1b8-b7f6175d0311,hello.meme,premium,1690,1690,high,high,5,namecheap,,,29/09/2026 22:38
b237ba55-1abe-4db4-8a89-8a532d88881d,thing.shiksha,available,13.5,,high,low,5,unstoppable,,,28/09/2026 19:13
bfc0b10c-c75e-4594-8c86-f7f9eb269332,count.fast,premium,116,118.8,high,low,5,namesilo,,,25/09/2026 23:32
9a247f26-1a81-456d-86f1-7627ed2873cf,from.cfd,premium,384,768,high,low,4,namesilo,,,08/09/2026 08:57
f9b677c5-85a8-404b-8708-edf46231b5ff,week.vacations,premium,118.8,118.8,high,low,4,namesilo,,,29/09/2026 05:49
82097264-7533-402f-b407-8d11ee1d6653,myspace.forum,premium,116,116,high,medium,7,namesilo,,,02/10/2026 02:12
35b6a768-ca18-4d6d-8b33-d4858225bc8e,caring.wedding,available,32.49,32.49,high,low,6,namesilo,,,23/09/2026 13:03
046963a7-daa8-4be5-8d79-fdf171717f1b,supermarkets.adult,available,95.2,95.2,medium,low,12,cloudflare,,,02/10/2026 03:57
1e1fd161-c925-4081-a16d-0a9f5deca020,epic.press,premium,4140,4140,high,medium,4,namesilo,,,24/09/2026 14:28
df3fd75a-2564-44ab-b6a0-0e7b0e7c927a,dry.cloud,premium,1107,1107,high,low,3,namesilo,,,24/09/2026 12:15
84f27b9b-2178-410b-ae13-7dcc62946c7e,criterion.vision,available,5.57,37.55,high,low,9,dynadot,,,28/09/2026 00:29
54d22635-aa01-4501-9f9e-d470bcbee523,virtuoso.theater,available,65.99,65.99,high,low,8,namesilo,,,21/09/2026 17:38
9a07b24b-b2a5-4961-9197-20112a6b479d,unequaled.film,available,65.99,65.99,high,low,9,namesilo,,,12/09/2026 09:09
16fa0216-3978-457f-84e9-21fa03515cc4,lunch.wedding,resell,,,high,low,5,"GoDaddy.com, LLC",26/01/2021 23:50,26/01/2027 23:50,29/09/2026 13:42
4aacfc56-7c78-4115-8074-aadd73f14e0b,fourteen.car,available,2070,2400,high,low,8,namecheap,,,21/09/2026 11:38
cecac514-3607-4923-bb5f-58b4cf0c74fa,burberry.id,available,14.19,20.75,high,medium,8,namesilo,,,24/09/2026 11:17
d8b6a9c6-1db0-4826-8a02-8de56349feb6,hbo.lifestyle,premium,640,640,high,medium,3,namesilo,,,02/10/2026 08:34
627e8b55-7de3-46a2-aa8a-ad89db8b3f98,informed.christmas,available,34.99,34.99,high,low,8,namesilo,,,25/09/2026 09:34
603bc0b2-c817-4260-91d0-0c7e59420984,favours.tools,available,18.99,36.49,medium,low,7,namesilo,,,17/09/2026 23:24
3a17c808-f2b5-4c39-ba7a-daf731b7cb8b,minor.flowers,available,108.98,159.98,high,low,5,namecheap,,,25/09/2026 20:28
6457cffc-3787-4730-bec0-f468494c6e2d,concert.boutique,available,2.57,26.26,high,low,7,porkbun,,,02/10/2026 23:33
017d66a4-f930-4c08-a7aa-2ca92e6b271a,excellent.show,available,18.99,44.49,high,low,9,namesilo,,,24/09/2026 15:50
06e0585c-8893-4635-ae2b-ac76fd7636c3,tofu.storage,available,538.98,858,high,low,4,namecheap,,,22/09/2026 20:09
e4248af2-148e-4c99-80a2-1ee6a41ed12a,about.dev,premium,830.72,830.72,high,low,5,namesilo,,,21/09/2026 14:03
65b0c2f5-451d-4712-b397-a4663ae64f66,absolute.pw,premium,302.5,302.5,high,low,8,namesilo,,,21/09/2026 14:42
4a92dce8-c155-457d-a538-9e4b688f02d5,antioxidant.bayern,available,34.99,34.99,high,low,11,namesilo,,,01/10/2026 08:00
e05394e2-5f9b-49c5-ac62-07ae20968127,pizzeria.inc,premium,1604.45,2070.2,high,low,8,spaceship,,,30/09/2026 06:58
324b4c2d-27c2-43e6-86d1-4c1745e63294,trend.pro,resell,,,high,low,5,"Name.com, Inc.",09/03/2005 00:00,09/03/2027 00:00,04/10/2026 20:58
aa3b49cc-1f3f-4455-a786-17dbf70f267d,intro.schule,available,22.2,22.2,high,low,5,cloudflare,,,30/09/2026 00:18
67f6d37d-33f9-4993-af26-a33cbbeb9381,sunglass.guitars,available,100.2,100.2,high,low,8,cloudflare,,,30/09/2026 12:22
c445fa20-22c2-42af-809f-5a4f389cb34e,colours.sydney,available,44.98,54.98,high,low,7,namecheap,,,29/09/2026 10:20
ff73f667-a06c-477e-b196-f124e208c97c,faith.foo,premium,257.92,257.92,high,low,5,spaceship,,,29/09/2026 18:54
d487947f-46bc-4385-8ff9-2989bb4d969e,tofu.garden,premium,104,32.5,high,low,4,namecheap,,,22/09/2026 20:09
0d26c397-77d1-4d64-af2f-6b78c1ecf9eb,food.press,premium,1552.7,3105.2,high,medium,4,spaceship,,,03/10/2026 17:58
45fef0be-1b47-4fb0-9064-0ed9cebcf346,cucumbers.bz,available,21.98,26.98,medium,low,9,namecheap,,,20/09/2026 10:05
9ef9de6b-05b9-4936-acf5-b0a6560ff4cc,buttercups.diet,available,108.98,159.98,medium,low,10,namecheap,,,20/09/2026 19:49
98c78956-8133-45d7-95dc-20473c27c10f,left.hot,premium,1107,1107,high,low,4,namesilo,,,25/09/2026 13:25
d049bf5c-e6a3-480b-b8c8-a0ca849336a3,sure.boston,available,24.98,30.98,high,low,4,namecheap,,,24/09/2026 21:05
4c4f6d46-e136-4d09-bf93-1954a73d6175,see.guitars,premium,2660,2660,high,medium,3,namesilo,,,24/09/2026 16:46
addddd18-0117-42b8-a2d6-eeb56ee52730,just.cricket,premium,6900,116,high,medium,4,namesilo,,,24/09/2026 14:47
2414e590-cb6f-4816-923f-425b1d14cba2,hundred.delivery,available,2.98,79.98,high,low,7,namecheap,,,21/09/2026 11:00
6595419d-921e-4cca-b991-2ce9a35ff1ae,health.bio,premium,1500.5,1995,high,medium,6,unstoppable,,,03/10/2026 20:51
88eb213a-7960-4808-bbed-93329efb2489,mom.auto,available,1863.2,2064.2,high,low,3,spaceship,,,30/09/2026 03:39
af3ca7bf-12e7-49a0-834c-7fb9df55ac7c,let.soy,premium,86.9,86.9,high,low,3,dynadot,,,28/09/2026 22:10
707ba6c0-f89b-4dc1-9721-ea1ec382f456,modem.observer,available,9.2,9.2,high,low,5,cloudflare,,,30/09/2026 04:48
bfce9434-5c58-470d-9dc4-1491abd2f437,music.dental,available,60.2,60.2,high,medium,5,cloudflare,,,02/10/2026 10:30
a266491e-5b85-49c3-855f-0658c2eeb622,certain.moe,available,13,13.05,high,low,7,porkbun,,,27/09/2026 19:05
64e5a945-abbb-49eb-91e6-0b27fc35960d,dogsit.coupons,available,2.98,59.98,high,low,6,namecheap,,,04/10/2026 00:12
278a6156-95d4-40c8-a329-af94a2d2a45d,disco.press,premium,1107,1107,high,low,5,namesilo,,,29/09/2026 15:27
762b79d0-1b5f-486e-8fff-75540aae04e3,want.ryukyu,available,17.98,22.98,high,low,4,namecheap,,,29/09/2026 13:33
a098ab1e-dbdd-4ccd-a4e4-914c1fa2d455,rambo.fans,premium,103.7,207.2,high,low,5,spaceship,,,01/10/2026 23:13
0dede5ff-dd02-480b-bd7a-20d0ca2c7112,appreciate.gg,available,68.98,82.98,high,low,10,namecheap,,,27/09/2026 06:44
de27c21f-7f41-4eb1-b4c6-d1f3ae565fb4,king.beer,premium,2070.2,26.08,high,medium,4,spaceship,,,28/09/2026 23:59
a8ee3475-69f5-42b7-b896-3dcc1875ff4c,integrate.pictures,available,12.62,12.62,high,low,9,spaceship,,,01/10/2026 17:05
17fe0865-d30f-44da-9525-3229c2e117e2,panda.apartments,available,45.74,45.74,high,medium,5,spaceship,,,28/09/2026 19:27
ef20c96b-ce7b-45f4-b115-dcf7766b4b65,nature.game,premium,1690,1690,high,low,6,namecheap,,,08/09/2026 02:43
c544ce77-7743-4b3f-8165-412e5555f829,rhianna.sexy,available,2587.7,2587.7,high,low,7,spaceship,,,02/10/2026 14:02
90b3306d-1998-44cb-8b5b-16999d6401b0,any.ong,available,16.99,16.99,high,medium,3,name.com,,,22/09/2026 07:02
1d1dd266-6625-441d-8e92-f3e97e57ef35,fun.tienda,available,59.99,59.99,high,medium,3,namesilo,,,04/10/2026 22:47
88805b93-11b2-4ee0-91fe-d756021aed2c,same.la,resell,,,high,low,4,LA Domain Names,16/07/2026 08:00,16/07/2027 23:59,27/09/2026 17:53
7d2fbe1c-3313-4899-a25c-5e9476bcaad7,everyone.cooking,available,26.08,26.08,high,low,8,spaceship,,,30/09/2026 23:15
3a9e8b07-c684-48d7-ad20-a47aab9fee9d,complete.rip,available,24.98,32.98,high,low,8,namecheap,,,19/09/2026 19:02
7724ee62-362f-4f58-a8cd-c94a501807af,ecological.institute,available,21.2,21.2,high,low,10,cloudflare,,,02/10/2026 19:04
248dc35f-ffea-4888-8b8a-731343d24f59,perfect.family,premium,512,512,high,medium,7,namesilo,,,27/09/2026 03:33
eefcdf2b-275c-4f90-8b9f-362adcf3030f,unicorns.ceo,available,9.19,103.7,high,low,8,spaceship,,,04/10/2026 13:24
2ca03c41-fb63-459a-b9d6-2e523ff364a2,mentor.blackfriday,available,114.99,114.99,high,low,6,namesilo,,,30/09/2026 04:17
ee31eb64-6117-4543-973f-55d2eecf5950,all.boutique,premium,78.54,78.54,high,medium,3,namesilo,,,22/09/2026 00:25
c084e571-8ea4-46ac-a647-527c59a92d95,eighteen.rehab,available,36.99,36.99,high,low,8,namesilo,,,21/09/2026 11:58
1aa915b0-07c7-4e2b-a2db-5c9064925aea,spotify.equipment,available,,,high,high,7,,,,
852d0377-9eb9-426c-a132-d8831213dbd9,flexing.motorcycles,available,1.99,17.29,high,low,7,namesilo,,,01/10/2026 22:33
a6938988-f204-425e-88f0-c62604901f3a,batman.tickets,premium,1995,1995,high,low,6,namesilo,,,29/09/2026 01:33
962a0a10-3752-4176-beda-c966e38de339,absolutely.credit,available,8.48,83,high,low,10,spaceship,,,28/09/2026 11:36
94f2966a-edf0-48f3-beb2-794a2ff8d770,present.pics,available,1.8,40.98,high,low,7,namecheap,,,01/10/2026 20:06
03e911a4-8d15-4344-9df5-9e4313d80f18,mall.im,resell,,,high,low,4,,,,30/09/2026 03:46
63488870-8610-4393-bb8b-f760af8e1c1b,investment.mba,available,10.55,31.25,high,low,10,spaceship,,,03/10/2026 23:18
a7373e24-8cb1-4569-9d57-3466c3908fcf,expert.rest,premium,230.4,230.4,high,low,6,namesilo,,,01/10/2026 16:35
70f13ea4-4404-450d-a6ea-f8c016f082cb,awakening.mobile,premium,660,660,high,low,9,dynadot,,,28/09/2026 23:36
bd4c9e45-b082-4d01-820d-d266f8a39d9f,icons.food,premium,116,116,high,low,5,namesilo,,,03/10/2026 23:48
42321fec-03ab-43ff-812f-dbf28b416bf1,adidas.taxi,available,7.96,49.88,high,low,6,spaceship,,,02/10/2026 13:22
b2c2062f-7374-4c21-a13a-4e097fd482be,furnishings.eco,available,72.98,101.98,high,low,11,namecheap,,,16/09/2026 18:36
9128281e-8ef5-4a49-af60-340c8a8442cf,innovative.name,available,7.31,7.31,high,low,10,porkbun,,,02/10/2026 23:26
39010494-d376-4660-98b6-a81dac7960cf,support.marketing,resell,,,high,medium,7,"Spaceship, Inc.",12/07/2023 15:15,12/07/2027 15:15,26/09/2026 09:25
1aba6baa-2d77-4680-9596-e4ed46b25e30,from.casino,available,6.98,191.98,high,low,4,namecheap,,,08/09/2026 08:57
86a10287-d707-4a71-ab58-dd88fdc923b2,loops.properties,available,18.99,39.99,high,low,5,namesilo,,,17/09/2026 12:15
bceddfea-9592-42bd-adee-b4f8ec030962,fun.blackfriday,premium,384,384,high,medium,3,namesilo,,,04/10/2026 22:47
ae02f110-622d-4601-9f56-056f7a368058,absolutely.archi,available,14.98,132.98,high,low,10,namecheap,,,28/09/2026 11:36
22220d8e-4f5b-4db2-b263-4373e3356d69,proud.team,resell,,,high,low,5,Alibaba Cloud Computing Ltd. d/b/a HiChina (www.net.cn),23/01/2019 08:24,23/01/2027 08:24,27/09/2026 07:46
8aca8826-f9c2-4e01-9b0b-82040e80c9f6,wrong.discount,available,30.99,30.99,high,low,5,namesilo,,,25/09/2026 07:41
e5dfc9cf-6b96-4956-8ff4-be2c77cc9a7a,hot.live,resell,,,high,medium,3,"Name.com, Inc.",17/06/2016 13:13,17/06/2027 13:13,26/09/2026 06:44
bf4c9f93-2c84-42a1-926f-3f6265d42f47,respected.chat,available,10.99,44.99,high,low,9,namesilo,,,27/09/2026 12:38
8935efa3-5146-4d7f-9930-a2dbb76c446b,einstein.trading,available,16.76,16.76,high,low,8,spaceship,,,28/09/2026 20:04
1f3a99f2-8501-4aaa-acfd-5ee9077328bf,addicted.international,available,12.99,31.49,high,low,8,namesilo,,,21/09/2026 17:07
1bff8218-9464-4cf1-85b4-2ddd5498fb95,investment.center,resell,,,high,low,10,"Chengdu West Dimension Digital Technology Co., Ltd.",31/05/2016 15:17,31/05/2027 15:17,03/10/2026 23:18
151a1f5d-4597-4dd4-be15-a19f446e7485,positive.club,resell,,,high,low,8,UM Domains Pte. Ltd.,21/07/2026 00:01,21/07/2027 00:01,26/09/2026 08:15
e6f099a8-e996-4e74-9f86-ecc7e902408c,panda.coupons,available,2.27,43.67,high,medium,5,spaceship,,,28/09/2026 19:27
8b19675c-c04b-44d5-8fed-d03fbf4ebc7d,greenpeace.shopping,available,8.24,24.83,high,low,10,dynadot,,,30/09/2026 17:30
fb1f337e-caf7-4946-887a-1e804da90016,someone.fans,premium,116,116,high,low,7,namesilo,,,25/09/2026 09:13
8a1cdfa5-9e41-4d4a-8beb-1444b25d581a,cake.lat,available,1.24,26.08,high,low,4,spaceship,,,04/10/2026 08:40
1fe35f27-7360-4ddd-bc76-cb7f38ee0181,hardly.photos,available,7.96,24.01,high,low,6,spaceship,,,27/09/2026 18:23
14e01529-34c9-4350-a5db-f44eb1bf64a8,cat.diet,premium,845,845,high,high,3,namecheap,,,27/09/2026 21:47
ff652aa2-50a6-4435-86b4-e8b28aebb337,butterflies.engineer,available,38.99,38.99,high,low,11,namesilo,,,16/09/2026 12:02
604c43dd-48ec-4519-b6e2-59a1efd36afb,all.foo,premium,167.7,167.7,high,medium,3,namecheap,,,22/09/2026 00:25
73e348ef-0853-47c3-9179-563a923421ec,filets.review,available,11.99,11.99,medium,low,6,namesilo,,,20/09/2026 11:33
86c99433-08a0-4035-9ad9-47e9a9207d91,agreed.repair,available,12.99,36.99,high,low,6,namesilo,,,21/09/2026 23:21
c55d5c4f-7ebd-4fc2-bc86-6b071a00c67c,xiv.pizza,available,17.99,64.99,high,low,3,namesilo,,,21/09/2026 11:42
aa81a6d6-ad4c-4434-839b-4fadfde25f85,television.apartments,available,44.2,44.2,high,low,10,cloudflare,,,04/10/2026 00:47
fb9b4ac1-dff1-45b5-a9ff-37a6f9a50884,extra.inc,premium,2061.5,2660,high,low,5,namesilo,,,21/09/2026 17:12
d892e644-7b14-45f1-a567-c75f26999928,work.deals,resell,,,high,medium,4,Dynadot Inc,11/06/2023 17:00,11/06/2029 17:00,27/09/2026 23:50
b9039303-0f4b-45eb-b713-3a0e3b727901,travel.day,premium,1298.7,1298.7,high,medium,6,namecheap,,,24/09/2026 22:30
8b40e553-1d62-48fe-b8e3-54b0fffc52bf,rihanna.contact,available,11.59,11.59,high,low,7,spaceship,,,02/10/2026 13:35
51df19ea-0d7a-4f6d-870c-aa3627eecb1a,someone.green,available,14.99,79.99,high,low,7,namesilo,,,25/09/2026 09:13
b63e76cd-f32d-4c14-97c3-a7456ed89058,adaptable.cfd,available,1.88,19.49,high,low,9,namesilo,,,21/09/2026 16:52
01855b92-063a-4fd1-b9ae-580a39a28bca,pay.nexus,premium,1091.09,1091.09,high,medium,3,porkbun,,,30/09/2026 06:27
a76c0f33-2481-45b6-b980-6379b094ab66,okay.rehab,available,38.48,47.48,high,low,4,namecheap,,,22/09/2026 01:07
5a4aaec3-6f90-4536-a2d1-46e909b4cba4,emoji.diet,available,93.35,103.4,high,medium,5,spaceship,,,03/10/2026 02:08
796c50cc-0178-419a-8767-f0e28701816e,cleared.deals,available,39.99,39.99,high,low,7,namesilo,,,01/10/2026 22:49
536d8668-fd34-425b-92eb-ac3c39be4f61,trinity.bike,available,12.99,38.99,high,medium,7,namesilo,,,21/09/2026 13:07
a5358c4e-5b27-4e1d-9b9f-e4b5bfc8fa68,disco.fans,premium,242,242,high,low,5,namesilo,,,29/09/2026 15:27
c2071690-50c8-47ed-8852-5f9d50688f78,disco.vet,available,34.14,34.14,high,low,5,dynadot,,,29/09/2026 15:27
7a1c1a89-6cbe-4504-803b-051092c77230,alright.clothing,available,32.99,32.99,high,low,7,namesilo,,,22/09/2026 01:15
509026a6-9062-400e-8031-ceb3ccc60e7a,lover.work,premium,3250,13,high,low,5,namecheap,,,23/09/2026 10:15
9ad29927-2742-462b-a1cf-39f59730e7d4,young.fun,premium,3450,3450,high,low,5,namesilo,,,28/09/2026 09:49
9f428197-3010-40b4-8c6a-96fc48d88ac3,genial.charity,available,14.99,23.99,high,low,6,namesilo,,,21/09/2026 21:42
3932a867-0e4b-4d41-897a-25c8851a2481,wrong.photography,available,14.49,36.49,high,low,5,namesilo,,,25/09/2026 07:41
2a34a224-ede3-4c51-9130-6d6b7a319c23,designers.contact,available,11.59,11.59,high,low,9,spaceship,,,04/10/2026 00:38
3c6388c0-b416-40df-ad88-24536493bd78,diner.villas,available,62.98,74.98,high,low,5,namecheap,,,29/09/2026 05:07
764797b3-c850-4b4f-97dd-f09a12a451c9,must.soy,premium,53.3,53.3,high,low,4,namecheap,,,25/09/2026 22:28
31cc0fbf-ed3b-46dd-8f24-c7295c831893,events.bayern,premium,2477.05,34.01,high,medium,6,dynadot,,,03/10/2026 22:21
6c55c913-5ab5-4239-9b5f-a52139cb0661,cocktail.racing,premium,116,116,high,low,8,namesilo,,,02/10/2026 10:27
26c16277-cd35-43f4-a3eb-d17b3b2745a2,god.cc,resell,,,high,medium,3,"GoDaddy.com, LLC",07/12/2002 14:45,07/12/2026 14:45,29/09/2026 13:42
63623aca-aa87-4ed0-8142-92fe41f69817,rhianna.holdings,available,51.95,51.95,high,low,7,spaceship,,,02/10/2026 14:02
18f7b200-adca-4eac-ad2d-9a142f3a8013,congratulations.ing,available,16.98,,high,low,15,namecheap,,,
5a3b9e16-f30e-4801-87d2-99472d9f1ebd,appreciation.vc,available,26.06,26.06,high,low,12,porkbun,,,04/10/2026 11:55
c85cf0ce-ac15-4daa-b773-f4234231b04a,abilities.my,available,3.49,29.99,high,low,9,namesilo,,,17/09/2026 04:45
7a6a2f96-6af8-4310-a1b6-b2923ddcaec1,poker.dating,premium,78.54,78.54,high,medium,5,namesilo,,,29/09/2026 19:21
99b64762-9db6-4b8c-8cfd-0e8fd499238b,before.energy,available,15.99,114.99,high,low,6,namesilo,,,21/09/2026 23:34
acf09fbb-a21c-42f1-9fe0-d10cb7166057,mandela.casino,available,7.71,133.97,high,low,7,dynadot,,,28/09/2026 14:49
2060598e-19be-4121-83c2-46d60a29fe5a,eggs.inc,premium,1604.45,2070.2,high,low,4,spaceship,,,29/09/2026 17:47
20e75068-addb-4e31-8bd0-16d08ffc9967,sacred.protection,available,2070,2950,high,low,6,namecheap,,,24/09/2026 23:19
3f6767b8-eec9-4881-aaa4-50bf5b334b5c,supersize.school,available,36.49,36.49,high,low,9,namesilo,,,01/10/2026 23:38
545fb6f4-4257-40dc-adf8-b343c5d7da78,analysis.broker,available,13.5,29.18,high,low,8,unstoppable,,,04/10/2026 05:23
152715ac-605a-4268-b117-371a8be0c026,leap.pizza,available,17.99,64.99,high,medium,4,namesilo,,,03/10/2026 09:41
42935e10-2a95-4eb1-904a-2c211e07e86d,management.restaurant,premium,78.54,78.54,high,low,10,namesilo,,,19/09/2026 14:24
ecf6b23e-955a-4f10-91e9-a3ff2533b9e9,rhiannon.berlin,available,79.98,89.98,high,low,8,namecheap,,,02/10/2026 14:10
bd5dec85-074a-4095-acba-05d81017287d,caring.hair,available,1.99,17.29,high,low,6,namesilo,,,23/09/2026 13:03
b7153489-a62b-4e64-8840-ddf1b2b7e2d1,gems.sucks,premium,2658.67,2658.67,high,low,4,namesilo,,,19/09/2026 19:45
ad63dd5f-430c-4e1b-99fa-a7fcadfebb6f,achievable.academy,available,8.48,59.98,high,low,10,namecheap,,,21/09/2026 15:42
126de64b-142d-4267-b480-cc1fc775a444,sunbeam.realty,available,109.99,299,high,low,7,namesilo,,,30/09/2026 12:18
cc494045-ff5f-415a-85e7-6c790dc88c2d,would.miami,available,24.98,30.98,high,low,5,namecheap,,,30/09/2026 21:57
6d20fc6f-271a-4d39-8bff-d1148beda44b,remington.rentals,available,6.98,56.98,high,low,9,namecheap,,,02/10/2026 03:00
0fe0dbde-b603-4bd6-a2c3-39c78a529247,decade.engineer,available,17.99,56.99,high,low,6,name.com,,,21/09/2026 10:56
aaef7381-884b-49f6-899d-bad2adcba97d,candles.careers,available,34.99,71.99,high,low,7,namesilo,,,18/09/2026 07:24
2895b172-0863-42a1-9b77-4d9d4b46337b,rose.team,resell,,,high,medium,4,Squarespace Domains II LLC,10/06/2020 11:42,10/06/2027 11:42,27/09/2026 16:23
0ff81e42-f8f3-46a5-a62c-467eac646e43,pinch.house,available,34.2,34.2,high,low,5,cloudflare,,,28/09/2026 22:16
0abdd627-4cf3-401a-8129-7db835531d20,sony.dad,available,10.52,10.52,high,medium,4,spaceship,,,02/10/2026 08:46
ac1b5117-bc26-46c9-af5c-604a8dc66ad7,person.moda,available,43.98,45.98,high,low,6,namecheap,,,25/09/2026 09:11
bf5e16b2-d2ce-4866-8e93-1c86b7d0c693,fashionable.bayern,available,34.99,34.99,high,low,11,namesilo,,,28/09/2026 15:41
3198b0c0-0634-49e8-a5ca-d8820e16fe44,pierogi.mov,available,12.98,15.98,high,low,7,namecheap,,,17/09/2026 14:55
1d3ea917-aab3-4be2-9391-809e7c3539aa,take.spot,premium,1035.2,1035.2,high,low,4,spaceship,,,27/09/2026 19:44
3cda4bb6-6e95-4923-a1ce-2844147bca70,investment.car,available,1863.2,2064.2,high,low,10,spaceship,,,03/10/2026 23:18
3608090c-5baf-45da-82c0-8cc8306bd5c1,coming.land,available,15.99,41.99,high,low,6,namesilo,,,03/10/2026 02:33
1f62da02-d6ad-47a7-aa87-569a53d10c4c,abundant.degree,available,52.99,52.99,high,low,8,namesilo,,,21/09/2026 15:18
ceb8ae30-a0f3-470d-87b9-ffc9afdf8b1a,places.sale,premium,99.5,138.6,high,low,6,unstoppable,,,04/10/2026 10:45
20cb0263-4205-41fc-be9f-6f3c098b48d9,buttercups.events,available,10.48,57.98,medium,low,10,namecheap,,,20/09/2026 19:49
a1768506-c76b-4925-8b64-9a44d4673458,burberry.tel,premium,10.62,10.62,high,medium,8,namesilo,,,24/09/2026 11:17
b336e8d5-f48d-4a7b-a72d-966ce99ca56e,pepsi.gripe,available,6.99,6.99,high,low,5,namesilo,,,30/09/2026 06:38
095b9e63-81d0-4b3c-9425-d1023ba49bb9,positive.click,available,2.19,12.99,high,low,8,namesilo,,,23/09/2026 14:53
18eb15af-2456-4a17-94c7-7b9141f56801,two.la,resell,,,high,low,3,LA Domain Names,24/03/2019 03:09,24/03/2027 23:59,04/10/2026 18:17
1b679740-8298-4ee1-b1ae-52a84e937176,decade.shopping,available,29.98,37.98,high,low,6,namecheap,,,21/09/2026 10:56
361681cb-7e40-4baf-b539-20865b25c834,friendship.salon,available,44.2,44.2,high,low,10,cloudflare,,,29/09/2026 19:59
40acdc48-dea3-4834-a448-7c640f4dce27,lunch.lifestyle,premium,1107,1107,high,low,5,namesilo,,,29/09/2026 13:42
918fe9b2-4236-45da-aeea-29a1c170fdb7,tablets.band,available,20.99,31.49,high,low,7,namesilo,,,18/09/2026 15:46
98853f5e-30c1-432d-9079-c199c5d0fa2f,integrated.ong,available,15.96,15.96,high,low,10,porkbun,,,02/10/2026 08:15
8ffd2a07-773a-4426-a549-dc74db5344e4,animated.healthcare,available,88.99,88.99,high,low,8,namesilo,,,22/09/2026 05:00
7f75be10-bb37-42f9-92ee-57a10f8508da,mcmuffin.tickets,available,359.99,488.88,high,low,8,namesilo,,,02/10/2026 06:39
289ba562-7e08-4b4a-b281-93315de4fc06,artist.irish,available,5.38,17.8,high,low,6,spaceship,,,01/10/2026 20:15
ae0a5450-e3a9-4b19-a51d-c10a18f73da4,unequaled.associates,available,12.98,49.98,high,low,9,namecheap,,,12/09/2026 09:09
512ed3f4-e2b0-43f6-8f59-c4d86fe6602f,bunny.kaufen,available,23.94,23.94,high,low,5,spaceship,,,29/09/2026 05:25
49d3e59a-d4f4-4a87-92dd-e30c0e124707,snapchat.stream,premium,437.5,,high,low,8,name.com,,,02/10/2026 06:12
7af43ebd-18ce-490b-99cc-91716e637ace,barbecue.luxury,available,26.97,26.97,high,low,8,dynadot,,,29/09/2026 01:06
c3029f4f-116d-4531-a6be-9c024289e4f0,sunglass.law,available,95.99,95.99,high,low,8,namesilo,,,30/09/2026 12:22
fd1b8607-4509-490f-8b0f-65ae4884cede,tofu.restaurant,available,11.98,81.98,high,low,4,namecheap,,,22/09/2026 20:09
0deeafbd-7fa8-4924-9e93-b857c4f19487,outre.boutique,available,2.98,41.98,medium,low,5,namecheap,,,10/08/2026 10:39
ac802329-9945-4618-8b4f-f990d1d81031,bible.wedding,premium,414.2,26.08,high,medium,5,spaceship,,,29/09/2026 02:20
6d45034f-3e82-455b-94ef-424634b76ae4,thinking.christmas,available,34.99,34.99,high,low,8,namesilo,,,28/09/2026 02:31
bcbbf1bd-8ea0-400d-9402-e1c0056b9f1e,spontaneous.christmas,available,1.24,31.16,high,low,11,spaceship,,,01/10/2026 03:21
4671b73f-3a73-4326-b5ed-aae1d53b2c29,pixar.social,available,3.98,55.98,high,low,5,namecheap,,,03/10/2026 14:31
b1168b4b-efb8-45d0-ac54-f4d20f5322b7,clay.vodka,premium,47.2,29.5,high,low,4,namesilo,,,29/09/2026 05:45
cdcc05c6-21ac-4b16-828a-9366a845c148,clue.new,available,412.2,412.2,high,low,4,spaceship,,,29/09/2026 10:03
18ec9765-578d-4f0c-8b76-e537ff86722f,pleasing.finance,available,11.99,84.99,high,low,8,name.com,,,27/09/2026 04:10
9867807f-5ec6-4950-831a-d192ac8fc48a,analyst.blog,premium,160,640,high,low,7,namesilo,,,02/10/2026 11:14
26946435-bb52-4be7-8c03-57fd5fd79678,absolutely.vana,available,2070.2,2070.2,high,low,10,spaceship,,,28/09/2026 11:36
c32ee953-7c0b-4ebd-adb5-30ff89fdc5f3,ipad.guitars,premium,2070.2,2070.2,high,high,4,spaceship,,,01/10/2026 07:22
1634e63a-bc74-4665-8460-89e1ab5583d3,because.motorcycles,available,1.99,14.45,high,low,7,dynadot,,,30/09/2026 21:38
6496b738-5650-4508-a98b-8b8e83edb64e,come.cricket,premium,448,53.92,high,low,4,namesilo,,,28/09/2026 09:23
58f92f6a-4cf3-434d-9531-0bde6e48fdf1,kleenex.reviews,available,62.99,62.99,high,low,7,namesilo,,,30/09/2026 01:39
c9e8d9de-1509-424f-9868-5fc8b9f0088e,washing.rip,available,18.83,18.83,high,low,7,spaceship,,,30/09/2026 02:11
d5059cb4-5537-42c0-b4f0-eed7d85c2669,side.monster,available,1.99,17.29,high,low,4,namesilo,,,27/09/2026 21:50
d1b34977-8a2f-402d-ade3-9e59232c6f56,california.online,premium,2587.7,10350.2,high,medium,10,spaceship,,,29/09/2026 05:55
9091a131-8d3c-450c-bd3f-e634499c1fd9,abiders.education,available,34.99,34.99,medium,low,7,namesilo,,,18/09/2026 03:55
7b85c50d-01a9-47dd-a47c-404ee0366758,conduction.ceo,available,85.2,70.2,high,low,10,cloudflare,,,29/09/2026 10:47
3354469b-dd53-42f0-8abe-6f13d2deeb88,eid.hamburg,available,69.98,73.98,high,low,3,namecheap,,,01/10/2026 02:59
93dc905a-d4c7-4449-9d4b-941912c96909,chips.work,premium,192.5,10.92,high,low,5,dynadot,,,29/09/2026 08:44
e52a0464-0da5-434b-abe3-1886a6745c23,sharps.observer,premium,11.8,11.8,medium,low,6,namesilo,,,20/09/2026 09:14
323b90cc-5b84-4ac2-b0f1-e6ec16c75a64,intro.build,premium,625,,high,low,5,name.com,,,30/09/2026 00:18
8a8e60d7-6a85-4419-8637-0f73844a4658,oxford.foundation,available,21.7,21.7,high,low,6,cloudflare,,,30/09/2026 06:19
4413eec9-c587-4382-9779-15fb57beb3b7,softly.cfd,available,1.39,26.98,high,low,6,namecheap,,,27/09/2026 03:45
85f1fb9d-a34f-4d07-a6f7-39be4add7da8,trillionaire.red,available,11.49,23.49,high,low,12,namesilo,,,01/10/2026 22:35
cc67b21c-eb28-4a15-825e-625f7fdd9a7b,crucial.bingo,available,53.99,53.99,high,low,7,namesilo,,,22/09/2026 00:39
a99c1f91-2380-427b-b77b-139f59ddffb3,buffet.tattoo,available,34.99,34.99,high,low,6,namesilo,,,19/09/2026 17:05
a806c0ce-1097-4450-a8b6-c5645e5e4086,wig.army,available,15.73,31.25,high,low,3,spaceship,,,30/09/2026 14:43
e9de2882-6da0-44e6-a81a-ec140c5942db,adequate.tools,available,8.48,47.48,high,low,8,namecheap,,,21/09/2026 18:22
a383e51c-1315-47b6-82a8-b0779b7964be,agreeable.farm,available,4.98,49.98,high,low,9,namecheap,,,21/09/2026 23:17
5d9e7883-8c40-466a-a858-847a045826d7,absolutely.promo,available,14.49,24.99,high,low,10,namesilo,,,28/09/2026 11:36
b6697cd6-22d3-4b7a-8be0-20ac329dfae6,addictive.sale,available,7.49,38.99,high,low,9,namesilo,,,21/09/2026 17:08
12ff18c8-3215-4e58-bdf4-845a54f60a3f,cleared.expert,available,10.99,62.49,high,low,7,namesilo,,,01/10/2026 22:49
b36b3afc-6ee2-43c9-bcad-805630042afe,blossom.recipes,available,5.48,95.98,high,low,7,namecheap,,,24/09/2026 20:31
3a2440e0-9815-4f7b-8e11-8f40c6ef0a6f,cucumbers.zone,available,8.98,51.98,high,low,9,namecheap,,,20/09/2026 10:05
7abee39e-97a4-470b-a2c9-41de78798133,careful.bio,available,9.99,69.99,high,low,7,namesilo,,,23/09/2026 12:50
ae931b33-8da8-4403-ac78-5b8f3997b91d,would.careers,available,26.08,57.13,high,low,5,spaceship,,,30/09/2026 21:57
0c39b931-f604-4a09-baa6-e795586eba98,inspires.rip,available,23.49,23.49,high,low,8,namesilo,,,02/10/2026 22:39
a0429ec5-bb60-4463-85ec-fd44257a0cbe,committed.cheap,available,5.98,49.98,high,low,9,namecheap,,,23/09/2026 15:46
95fb3cfc-2a82-4195-bcbd-e4479973ff60,neuroscience.xxx,available,95.2,95.2,high,low,12,cloudflare,,,30/09/2026 20:58
312a84bb-2742-4ae5-a6ad-b459a7ab3a6d,bingo.holiday,available,67.98,81.98,high,low,5,namecheap,,,22/09/2026 20:37
47466896-54e9-4da4-b0ad-533b7c003a87,automotive.ag,available,89.99,79.99,high,low,10,namesilo,,,22/09/2026 14:07
6731d0ed-df22-47e4-986d-1c5807f9631d,apples.stream,premium,448,53.92,high,low,6,namesilo,,,18/09/2026 14:01
c748d507-772f-43ff-9a34-6608b0669efb,oneself.storage,available,535.22,535.22,high,low,7,dynadot,,,02/10/2026 20:15
8a3dbe56-1a83-40e1-bc07-23e662978004,tofu.diamonds,available,57.98,72.98,high,low,4,namecheap,,,22/09/2026 20:09
98a30b6c-5b3c-41dc-ac98-ec9636db8a6f,colors.date,premium,384,53.92,high,low,6,namesilo,,,29/09/2026 10:19
f69892bc-2654-41bf-b582-323bc6e860af,else.reisen,available,3.99,20.99,high,low,4,namesilo,,,30/09/2026 23:12
9f57a467-c10b-4261-ba18-a111d42ef339,cleared.one,available,5.99,24.75,high,low,7,namesilo,,,01/10/2026 22:49
863e04b9-23ae-4fb5-b313-61d2a70639d9,last.furniture,available,21.59,85.01,high,low,4,dynadot,,,04/10/2026 17:39
777e6dfd-3666-4adc-99b1-51f1de53465b,vivian.haus,available,10.81,27.29,high,low,6,porkbun,,,28/09/2026 03:58
ede24bb8-4160-49e2-b4f5-7ba141d21d89,constants.click,available,2.19,12.99,medium,low,9,namesilo,,,21/09/2026 01:13
afec2d5c-735c-42df-b2c1-2a33336db0a7,each.rich,available,94.99,1999,high,low,4,namesilo,,,24/09/2026 12:45
7a66c8a8-9a8d-4355-aebf-feffa5e8ee86,nights.ceo,available,10.19,129.99,high,low,6,namesilo,,,17/09/2026 22:10
5007b751-97af-41fa-9d05-333950cb3648,recognized.viajes,available,37.99,37.99,high,low,10,namesilo,,,21/09/2026 15:28
7d0e7ed9-fb8e-4faa-8ef6-16c0f35e2f31,have.solutions,resell,,,high,low,4,"GoDaddy.com, LLC",02/12/2024 22:01,02/12/2026 22:01,26/09/2026 06:35
caf7936b-6f58-43a5-8fb6-02045773bcd4,wrong.gay,available,2.98,50.98,high,low,5,namecheap,,,25/09/2026 07:41
74b6b051-296a-4359-9113-e694d044ddc6,miracle.la,resell,,,high,low,7,.LA Founders Premium Program,17/03/2016 23:55,17/03/2027 23:59,30/09/2026 04:39
e822551f-2ab7-48ae-bec3-5f4cb2ba475c,tweet.claims,available,50.2,50.2,high,low,5,cloudflare,,,30/09/2026 05:48
942fd0a1-5bbb-4e79-a6c7-e593421536a1,abides.sex,available,69.98,154.98,medium,low,6,namecheap,,,18/09/2026 17:00
5eb81be8-55df-46fe-a700-df7892858210,nana.cat,available,18.39,24.45,high,low,4,dynadot,,,01/10/2026 01:36
678a7cde-a4c0-44b5-bdb1-24f7397951ae,binding.rocks,available,7.98,29.98,high,low,7,namecheap,,,22/09/2026 20:51
9ff475cb-fab7-48a7-88b8-94695ca10ba5,whether.legal,available,57.13,57.13,high,low,7,spaceship,,,30/09/2026 22:27
e1f9b020-884d-43c6-912d-bc66c42becaf,aide.cricket,available,23.59,23.59,high,low,4,namesilo,,,22/09/2026 14:20
794ecf77-9dc8-412f-9ef7-a8b8c8b2c4e4,brilliant.im,available,,,high,low,9,,,,
2e837036-191f-4416-b287-e24c0c75f04a,accepting.buzz,available,2.19,27.99,high,low,9,namesilo,,,21/09/2026 15:33
5668c37f-0e6d-40df-8bfa-5d155468a999,diy.boutique,premium,66.5,78.54,high,low,3,unstoppable,,,01/10/2026 01:42
98c7c66b-480b-4b6d-8f8e-cd33ad8b2a4b,teamwork.solutions,resell,,,high,low,8,"Sav.com, LLC - 2",01/03/2026 15:15,01/03/2027 15:15,30/09/2026 12:52
030f057b-ff7e-4c63-b85e-4deebbb5daf0,active.webcam,premium,1035.2,103.7,high,low,6,spaceship,,,02/10/2026 12:07
40aa433b-08d3-4784-ba1e-41665c2b6883,decade.rsvp,premium,36.25,36.25,high,low,6,name.com,,,21/09/2026 10:56
29c5e6c8-639d-4348-b8c6-61eed16c7b2d,talk.icu,premium,384,768,high,medium,4,namesilo,,,30/09/2026 02:41
36263b6e-0377-46a9-97ab-2f13ed7c926e,creation.taxi,available,6.1,51.58,high,low,8,dynadot,,,03/10/2026 04:02
cc16f570-cf41-4da8-b048-4707e8addc77,ground.vacations,available,40.98,49.98,high,low,6,namecheap,,,03/10/2026 20:31
3f136896-347c-4994-9753-7f522d47d1af,fascinate.band,available,20.99,31.49,high,low,9,namesilo,,,29/09/2026 08:16
217dfbcd-131c-486c-8065-1230ba1bf312,adaptive.reise,available,27.89,97.99,high,low,8,namesilo,,,02/10/2026 01:04
07921600-4f5f-4698-8908-f5446588ad5f,diamond.nexus,premium,1298.7,1298.7,high,low,7,namecheap,,,21/09/2026 16:47
be49d661-c1e8-4786-b40d-423f05e17d34,sharps.catering,available,38.99,38.99,medium,low,6,namesilo,,,20/09/2026 09:14